-- MySQL dump 10.16  Distrib 10.1.28-MariaDB, for Win32 (AMD64)
--
-- Host: localhost    Database: movies
-- ------------------------------------------------------
-- Server version	10.1.28-MariaDB

/*!40101 SET @OLD_CHARACTER_SET_CLIENT=@@CHARACTER_SET_CLIENT */;
/*!40101 SET @OLD_CHARACTER_SET_RESULTS=@@CHARACTER_SET_RESULTS */;
/*!40101 SET @OLD_COLLATION_CONNECTION=@@COLLATION_CONNECTION */;
/*!40101 SET NAMES utf8 */;
/*!40103 SET @OLD_TIME_ZONE=@@TIME_ZONE */;
/*!40103 SET TIME_ZONE='+00:00' */;
/*!40014 SET @OLD_UNIQUE_CHECKS=@@UNIQUE_CHECKS, UNIQUE_CHECKS=0 */;
/*!40014 SET @OLD_FOREIGN_KEY_CHECKS=@@FOREIGN_KEY_CHECKS, FOREIGN_KEY_CHECKS=0 */;
/*!40101 SET @OLD_SQL_MODE=@@SQL_MODE, SQL_MODE='NO_AUTO_VALUE_ON_ZERO' */;
/*!40111 SET @OLD_SQL_NOTES=@@SQL_NOTES, SQL_NOTES=0 */;

--
-- Table structure for table `actor`
--

DROP TABLE IF EXISTS `actor`;
/*!40101 SET @saved_cs_client     = @@character_set_client */;
/*!40101 SET character_set_client = utf8 */;
CREATE TABLE `actor` (
  `act_id` int(11) NOT NULL AUTO_INCREMENT,
  `act_name` varchar(25) DEFAULT NULL,
  `act_gender` char(1) DEFAULT NULL,
  PRIMARY KEY (`act_id`)
) ENGINE=InnoDB AUTO_INCREMENT=1926101 DEFAULT CHARSET=utf8;
/*!40101 SET character_set_client = @saved_cs_client */;

--
-- Dumping data for table `actor`
--

LOCK TABLES `actor` WRITE;
/*!40000 ALTER TABLE `actor` DISABLE KEYS */;
INSERT INTO `actor` VALUES (7,'Andrew Stanton','2'),(10,'Bob Peterson','2'),(12,'Alexander Gould','2'),(13,'Albert Brooks','2'),(14,'Ellen DeGeneres','1'),(18,'Brad Garrett','2'),(19,'Allison Janney','1'),(20,'Elizabeth Perkins','1'),(22,'Barry Humphries','2'),(23,'Bill Hunter','2'),(32,'Robin Wright','1'),(48,'Sean Bean','2'),(64,'Gary Oldman','2'),(103,'Mark Ruffalo','2'),(112,'Cate Blanchett','1'),(118,'Geoffrey Rush','2'),(192,'Morgan Freeman','2'),(237,'Aidan Devine','2'),(382,'Bob Hoskins','2'),(454,'Michael Peña','2'),(477,'Julie Walters','1'),(504,'Tim Robbins','2'),(524,'Natalie Portman','1'),(659,'Wolf Kahler','2'),(670,'Ben Burtt','2'),(880,'Ben Affleck','2'),(886,'William Fichtner','2'),(935,'Connie Nielsen','1'),(1060,'Dean Cundey','2'),(1067,'Marc McClure','2'),(1100,'Arnold Schwarzenegger','2'),(1125,'Ewen Bremner','2'),(1158,'Al Pacino','2'),(1173,'Mark Margolis','2'),(1245,'Scarlett Johansson','1'),(1283,'Helena Bonham Carter','1'),(1333,'Andy Serkis','2'),(1372,'Karl Urban','2'),(1579,'Maggie Gyllenhaal','1'),(1643,'Adrian Rawlins','2'),(1665,'Eddie Marsan','2'),(1769,'Sofia Coppola','1'),(1771,'Giovanni Ribisi','2'),(1810,'Heath Ledger','2'),(1892,'Matt Damon','2'),(1904,'Anthony Michael Hall','2'),(1920,'Winona Ryder','1'),(1923,'Robbie Coltrane','2'),(1925,'Vincent Cassel','2'),(1981,'Alfre Woodard','1'),(1990,'Brian Howe','0'),(2037,'Cillian Murphy','2'),(2039,'Brendan Gleeson','2'),(2050,'Noah Huntley','2'),(2128,'Leigh Whannell','2'),(2141,'Ned Bellamy','2'),(2211,'Gerald R. Molen','2'),(2231,'Samuel L. Jackson','2'),(2247,'George Harris','2'),(2467,'James Cosmo','2'),(2555,'David Proval','2'),(2870,'Gray Frederickson','2'),(2872,'Carmine Coppola','2'),(2880,'Emilio Estevez','2'),(2882,'Diane Lane','1'),(2888,'Will Smith','2'),(3084,'Marlon Brando','2'),(3085,'James Caan','2'),(3086,'Richard S. Castellano','0'),(3087,'Robert Duvall','2'),(3088,'Sterling Hayden','2'),(3090,'Richard Conte','2'),(3091,'Al Lettieri','2'),(3092,'Diane Keaton','1'),(3093,'Abe Vigoda','2'),(3094,'Talia Shire','1'),(3095,'Gianni Russo','2'),(3096,'John Cazale','2'),(3142,'John Marley','2'),(3143,'Rudy Bond','2'),(3144,'Al Martino','0'),(3145,'Simonetta Stefanelli','1'),(3174,'Richard Bright','2'),(3202,'Edie McClurg','1'),(3300,'Natalia Tena','1'),(3413,'Victor Rendina','2'),(3414,'Tony Giorgio','2'),(3548,'Timothy Bateson','2'),(3623,'Elena Anaya','1'),(3894,'Christian Bale','2'),(3895,'Michael Caine','2'),(3977,'Joe Morton','2'),(4029,'Bob Gunton','2'),(4173,'Anthony Hopkins','2'),(4201,'Wayne Knight','2'),(4238,'Common','0'),(4566,'Alan Rickman','2'),(4783,'Sam Neill','2'),(4784,'Laura Dern','1'),(4785,'Jeff Goldblum','2'),(4786,'Richard Attenborough','2'),(4787,'Joseph Mazzello','2'),(4788,'Ariana Richards','1'),(4789,'Bob Peck','0'),(4790,'Martin Ferrero','2'),(4791,'Greg Burson','2'),(5063,'Joseph Ragno','2'),(5293,'Willem Dafoe','2'),(5294,'Chiwetel Ejiofor','2'),(5419,'Saïd Taghmaoui','0'),(5469,'Ralph Fiennes','2'),(5538,'Ray Winstone','2'),(5658,'Michael Gambon','2'),(5724,'Denis Leary','2'),(5941,'Neil Crone','2'),(6168,'Austin Pendleton','2'),(6383,'Aaron Eckhart','2'),(6413,'Danny Huston','2'),(6573,'William Sadler','2'),(6574,'Clancy Brown','2'),(6575,'Gil Bellows','2'),(6576,'Mark Rolston','2'),(6577,'James Whitmore','2'),(6578,'Renee Blaine','0'),(6579,'Brian Delate','2'),(6580,'Brian Libby','0'),(6885,'Charlize Theron','1'),(6972,'Ian McShane','2'),(7056,'Emma Thompson','1'),(7401,'Lin Shaye','1'),(7499,'Jared Leto','2'),(7624,'Stan Lee','2'),(7882,'Jeff Pidgeon','2'),(7907,'John Ratzenberger','2'),(7911,'Joe Ranft','0'),(7929,'Angus MacLane','0'),(8289,'Billy Crudup','2'),(8396,'Tom Lister Jr.','2'),(8447,'Jeff Daniels','2'),(8691,'Zoe Saldana','1'),(8693,'Jude Ciccolella','2'),(8783,'Eric Bana','2'),(8785,'Ciarán Hinds','2'),(9191,'Timothy Spall','2'),(9273,'Amy Adams','1'),(9559,'Jophery C. Brown','0'),(9777,'Cuba Gooding Jr.','2'),(9827,'Rose Byrne','1'),(9831,'Vincent Regan','2'),(10205,'Sigourney Weaver','1'),(10767,'Barbara Hershey','1'),(10822,'Stephen Dorff','2'),(10964,'Laz Alonso','2'),(10978,'Maggie Smith','1'),(10980,'Daniel Radcliffe','2'),(10981,'Fiona Shaw','1'),(10982,'Harry Melling','2'),(10983,'Richard Griffiths','2'),(10988,'Geraldine Somerville','1'),(10989,'Rupert Grint','2'),(10990,'Emma Watson','1'),(10991,'Bonnie Wright','1'),(10992,'Chris Rankin','2'),(10993,'Tom Felton','2'),(11074,'Kathy Najimy','1'),(11109,'Nick Frost','2'),(11111,'Lucy Davis','1'),(11180,'David Bradley','2'),(11184,'Warwick Davis','2'),(11207,'David Thewlis','2'),(11212,'Josh Herdman','2'),(11355,'Jason Isaacs','2'),(11356,'Imelda Staunton','1'),(11480,'Frank Sivero','2'),(11803,'Peter Greene','2'),(11872,'Deborah Offner','1'),(12645,'Jeffrey DeMunn','0'),(12799,'Jeremy Piven','2'),(12890,'Pete Docter','2'),(13014,'Toby Jones','2'),(13275,'Tadanobu Asano','2'),(13939,'Ritchie Coster','2'),(14548,'Marcia Jean Kurtz','1'),(14592,'BD Wong','2'),(14723,'Vicki Lewis','1'),(15217,'Zack Snyder','2'),(15298,'Rachel House','1'),(15335,'Brian Smrz','2'),(15853,'Wes Studi','2'),(16477,'Danny Goldring','2'),(16525,'Joe Spinell','2'),(16792,'Richard Leaf','2'),(16842,'Stephen J. Anderson','2'),(16940,'Jeremy Irons','2'),(17069,'Sian Thomas','0'),(17178,'Patrick Wilson','2'),(17181,'Ty Simpkins','2'),(17190,'Erik Per Sullivan','2'),(17401,'Stephen Root','2'),(17605,'Idris Elba','2'),(17647,'Michelle Rodriguez','1'),(18052,'Nathan Gamble','2'),(18067,'Rachael Stirling','1'),(18070,'Nicky Katt','2'),(18324,'Steve Zahn','2'),(18973,'Mila Kunis','1'),(18999,'J.K. Simmons','2'),(19394,'Idina Menzel','1'),(19469,'Leslie Lyles','1'),(19487,'Jay Hernandez','2'),(19492,'Viola Davis','1'),(20286,'Toby Kebbell','2'),(20372,'Edison Chen','0'),(20580,'Joe Manganiello','2'),(20750,'Judy Greer','1'),(20752,'Alex Rocco','2'),(20753,'Fred Willard','2'),(20973,'Louis Guss','2'),(20999,'Mark Williams','2'),(21088,'Alan Tudyk','2'),(21315,'Eric Roberts','2'),(21316,'Nestor Carbonell','2'),(22621,'Angela Alvarado','1'),(23076,'Robert Hardy','2'),(24047,'Courtney B. Vance','2'),(24358,'Lori Alan','1'),(24595,'Vincenzo Nicoli','2'),(24604,'Corrado Gaipa','2'),(25002,'Lee Byung-hun','2'),(25440,'Richard Rifkin','2'),(25445,'Matt Devere','0'),(25659,'James Babson','2'),(25730,'Brian Caspe','2'),(25877,'Roger Cross','2'),(26660,'Richard Kiley','2'),(26669,'Vincent Riotta','2'),(27647,'Angelo Infanti','2'),(27690,'Rohn Thomas','0'),(27752,'Bruce Spence','2'),(28030,'Tina Sloan','1'),(28477,'Jonathan Aris','2'),(29333,'Roy Taylor','0'),(29406,'Joey Ansah','2'),(29616,'William Armstrong','2'),(29617,'Paul Birchard','2'),(30082,'Benedict Wong','2'),(30085,'Michael Wildman','0'),(30450,'Peter Rnic','2'),(30485,'CCH Pounder','1'),(30488,'Miguel Sandoval','2'),(31164,'Adewale Akinnuoye-Agbaje','2'),(32031,'Stephen Bogaert','2'),(32300,'Johnny Harris','2'),(32393,'Paul McCrane','2'),(32656,'Gary Lee Davis','2'),(32747,'Stephen Lang','2'),(33305,'Nathan Meister','2'),(33311,'Matthew Chamberlain','2'),(33527,'Adam Beach','2'),(34521,'Maurice LaMarche','2'),(34544,'Joshua Harto','2'),(34842,'Tony Amendola','2'),(35029,'David Harbour','2'),(35159,'Laraine Newman','1'),(35231,'Gabriel Chavarria','0'),(36821,'Nicholas Guest','2'),(37825,'Afemo Omilami','2'),(37917,'Kristen Stewart','1'),(37937,'Gregory Alan Williams','2'),(38803,'Roman Coppola','2'),(39214,'Nick Jameson','2'),(40462,'Kristen Bell','1'),(41091,'Kristen Wiig','1'),(41561,'Kenneth Choi','2'),(42286,'Julene Renee','1'),(42288,'Woody Schultz','0'),(42317,'Scott Lawrence','2'),(42711,'Ty Olsson','2'),(43443,'Kristina Anapau','1'),(43929,'Anthony Ulc','2'),(44735,'Jesse Eisenberg','2'),(44860,'Franco Citti','2'),(47525,'Andrew Bicknell','2'),(47730,'Jessica Hynes','1'),(48587,'Brian Brophy','2'),(50776,'Joe Bostick','0'),(51041,'Billy Otis','2'),(51072,'Kate Mara','1'),(51579,'Steven Williams','2'),(52422,'Michael DeLorenzo','2'),(52603,'Alfonso Freeman','2'),(53651,'Monique Gabriela Curnen','1'),(53688,'Lily Cole','1'),(53720,'Timothy Webber','2'),(53975,'Deepika Padukone','1'),(54415,'Josh Gad','2'),(54492,'James Gaylyn','2'),(55085,'Amber Heard','1'),(55584,'Ingvar Eggert Sigurðsson','2'),(55585,'Sam Spruell','2'),(55596,'Michael Gladis','2'),(55672,'Tony King','2'),(55934,'Taika Waititi','2'),(55964,'Christine Harnos','1'),(56614,'Ray Stevenson','2'),(57597,'Ron Dean','2'),(57755,'Woody Harrelson','2'),(58395,'Karin Konoval','1'),(58692,'Melinda McGraw','1'),(58964,'Tim Lacatena','2'),(59051,'Jean Gilpin','0'),(59060,'Jean-Michel Richaud','0'),(59117,'Angus Sampson','2'),(59231,'Joel David Moore','2'),(59312,'Alessandro Juliani','2'),(59357,'Teddy Newton','2'),(59739,'Otto Sanchez','2'),(60074,'Jeff Garlin','2'),(60077,'Douglas Smith','2'),(60279,'Fred Tatasciore','2'),(60348,'Dave Legeno','2'),(60656,'T. J. Storm','0'),(60881,'Douglas M. Griffin','2'),(60898,'Sebastian Stan','2'),(60901,'Toby Hemingway','2'),(61241,'Tony Lip','2'),(62064,'Chris Pine','2'),(62561,'Tessa Thompson','1'),(62679,'Michael Murray','2'),(62711,'Darryl Quon','2'),(62976,'Eleanor Matsuura','1'),(63364,'Brian Gleeson','2'),(63566,'Michael Adamthwaite','2'),(64856,'Michael Jai White','2'),(65054,'Rainer Bock','2'),(65303,'Mark Wingett','2'),(65345,'Sandrine Holt','1'),(65731,'Sam Worthington','2'),(66791,'Anastasia Hille','1'),(68108,'Chris Gartin','2'),(68278,'Peter Mensah','2'),(69899,'Zachary Levi','2'),(70238,'Chris Williams','2'),(70890,'Adam Green','2'),(71580,'Benedict Cumberbatch','2'),(72309,'Kathryn Hunter','1'),(72754,'Elissa Knight','0'),(72755,'MacInTalk','0'),(73288,'Michael McElhatton','2'),(73417,'Joseph Bishara','2'),(73968,'Henry Cavill','2'),(74568,'Chris Hemsworth','2'),(74573,'Robert Pine','2'),(74678,'Chad Rook','2'),(75076,'Bronson Webb','2'),(75256,'Ian Hughes','2'),(76021,'Griff Furst','2'),(76461,'Courtney Peldon','1'),(76512,'Jason Clarke','2'),(76547,'Aksel Hennie','2'),(78047,'Matt Rippy','2'),(78245,'Shahid Kapoor','2'),(78317,'Bob Bergen','2'),(78336,'Nick Vallelonga','2'),(78581,'John Epperson','0'),(79025,'Don McManus','2'),(79810,'Tom Townsend','0'),(79856,'Tony Maudsley','2'),(82363,'Szonja Oroszlán','1'),(82779,'Vito Scotti','2'),(82809,'Annabelle Wallis','1'),(83002,'Jessica Chastain','1'),(83105,'Debra Wilson','1'),(83186,'Max Lloyd-Jones','2'),(83854,'David Dastmalchian','2'),(83968,'Jim Parrack','2'),(84217,'Alex Meraz','2'),(84493,'Mickie McGowan','0'),(84494,'Donald Fullilove','0'),(84495,'Jess Harnell','2'),(86006,'Paul Eiding','2'),(86007,'Jim Ward','0'),(87167,'Jeannette Sousa','1'),(87176,'David Boat','0'),(87577,'David Ingram','2'),(87957,'Keith Szarabajka','2'),(88797,'Aditi Rao Hydari','1'),(89714,'Ilram Choi','0'),(90633,'Gal Gadot','1'),(90725,'Alain Chanoine','0'),(90755,'Janet Montgomery','1'),(91420,'Dion Anderson','2'),(91443,'Kevin Dorman','0'),(91494,'Enzo Cilenti','2'),(91606,'Tom Hiddleston','2'),(92119,'Larry Brandenburg','2'),(92404,'Joel Kinnaman','2'),(92647,'Alonzo F. Jones','0'),(94436,'Ward Horton','2'),(95697,'Dileep Rao','2'),(95716,'Ian Pirie','0'),(96841,'Matthew Lewis','2'),(96851,'James Phelps','2'),(98215,'Matt Gerald','2'),(98216,'Dean Knowsley','0'),(98994,'Sofiya Smirnova','0'),(99223,'Richard Strobel','0'),(99639,'Kim Kopf','0'),(99724,'John Martino','2'),(100503,'Raymond Martino','2'),(100567,'Kerry O\'Malley','0'),(101014,'Beatrice Rosen','1'),(101015,'Chin Han','2'),(101069,'Michelle Romano','1'),(102710,'Michael Wiseman','2'),(103259,'Nikie Zambo','0'),(105649,'Bill Bolender','2'),(105988,'Galyn Görg','1'),(106187,'Lou Martini Jr.','0'),(106811,'Lenny Montana','2'),(107185,'Ari Cohen','2'),(107411,'Nicolas Van Burek','0'),(107810,'Aleks Paunovic','2'),(107969,'Mike Bodnar','0'),(108253,'Katie Lowes','1'),(108892,'Geoffrey Pounsett','0'),(108895,'Elizabeth Saunders','1'),(109650,'Julian Lewis Jones','2'),(109833,'Peter Ferdinando','2'),(110508,'Yang Liu','0'),(110909,'Rob Mayes','0'),(111090,'Javier Botet','0'),(111466,'Mona Marshall','0'),(113818,'Jenica Bergere','1'),(113916,'Scott Menville','2'),(115683,'Andrew Hawley','0'),(116487,'Stuart Hughes','2'),(117081,'Teresa Ganzel','1'),(117598,'Ivar Brogger','2'),(117642,'Jason Momoa','2'),(119414,'Jonathan Ryland','2'),(119431,'Saro Urzì','0'),(119589,'Donald Glover','2'),(120831,'Annaleigh Ashford','1'),(121667,'Everlast','0'),(122345,'Tommy Campbell','0'),(122596,'V.J. Foster','0'),(123302,'Robert Haley','2'),(126316,'Roger Monk','0'),(127005,'Chris Wilson','2'),(128386,'Colin McFarlane','2'),(130081,'Robin Atkin Downes','2'),(131365,'Pepper Sweeney','2'),(132157,'Ezra Miller','2'),(133031,'Nicholas Blane','0'),(136532,'Matt Smith','2'),(136959,'Frank J. Zupancic','2'),(137905,'Bill Skarsgård','2'),(138211,'Gabriele Torrei','0'),(139631,'J. Larose','2'),(139900,'Florence Kasumba','1'),(139946,'Lisa McAllister','1'),(139992,'Mack Miles','0'),(140367,'Evanna Lynch','1'),(140368,'Oliver Phelps','2'),(140407,'Ksenia Solo','1'),(140408,'Adriene Couvillion','0'),(140409,'Shaun O\'Hagan','0'),(141770,'Matthew Leitch','2'),(142388,'Izzy Meikle-Small','0'),(143206,'Michael Blain-Rozgay','0'),(143328,'K. Todd Freeman','2'),(143892,'Steffan Rhodri','2'),(144867,'Jim McManus','2'),(145531,'Christopher John Fields','2'),(146123,'Peter Linka','2'),(146186,'Eddie Frierson','2'),(147641,'Mick Slaney','0'),(147895,'Charles Venn','0'),(147898,'Nicole Dionne','1'),(154124,'Eugene Williams','2'),(154153,'Sean Anthony Moran','2'),(157626,'Jan Rabson','2'),(157826,'Philippe Spall','0'),(160728,'Julie Gregg','1'),(163979,'John Horton','0'),(166298,'Whit Hertford','2'),(166518,'Dan Petronijevic','2'),(167295,'John Cygan','0'),(168323,'Neil Giuntoli','2'),(168771,'Ho Chow','2'),(169676,'Jon Curry','2'),(169778,'Mercedes de la Zerda','0'),(170230,'Tristan Tait','2'),(173391,'Kelson Henderson','2'),(173428,'Bridget Hoffman','1'),(174563,'Paul Pape','2'),(174708,'Josette Simon','1'),(176227,'Richard Dillane','2'),(176312,'Cameron Thor','2'),(177403,'James Moses Black','2'),(178006,'Max Brandt','0'),(183151,'Greg Hicks','2'),(186070,'Peter Cartwright','2'),(186605,'Terri Douglas','1'),(187016,'Jasper Bagg','2'),(188081,'Corbett Tuck','1'),(188311,'Eric Ladin','2'),(189689,'Ryan Nelson','0'),(190900,'Ted Whittall','2'),(192865,'Sam Beazley','0'),(194459,'Gordon Greene','0'),(198150,'Ike Barinholtz','2'),(203390,'Brandon Stacy','2'),(204276,'John Turk','0'),(206791,'Christopher Shaw','0'),(208524,'Andrew Astor','2'),(209458,'Daisy Haggard','1'),(209990,'Lorna Gayle','0'),(214701,'Sherry Lynn','1'),(214794,'Gregor Truter','2'),(215913,'Jacob Tomuri','0'),(216986,'Luke Hemsworth','2'),(221611,'Jonathan Groff','2'),(221840,'Sara Canning','1'),(221857,'Miles Jupp','0'),(221985,'Jamie Blackley','2'),(223126,'Megan Charpentier','1'),(223680,'Kelly Devoto','0'),(224181,'Jai Courtney','2'),(224223,'Ranveer Singh','2'),(225986,'Lori Richardson','1'),(228305,'David Fultz','0'),(230621,'Tracey Lee Maxwell','0'),(234352,'Margot Robbie','1'),(234921,'Arben Bajraktaraj','2'),(234922,'Devon Murray','2'),(234923,'Alfie Enoch','0'),(234925,'Shefali Chowdhury','0'),(234926,'Afshan Azad','1'),(234933,'Katie Leung','1'),(236696,'Terry Notary','0'),(237455,'Sam Claflin','2'),(240724,'Naomi Scott','1'),(304845,'Mark Adam','2'),(389763,'Neil Summers','2'),(397312,'Jason Whyte','2'),(493769,'Shane Harbinson','0'),(505400,'Don Kress','0'),(555133,'Steve Doyle','0'),(559644,'Fatimah Hassan','0'),(559759,'John Atterbury','0'),(565501,'Teri Wyble','1'),(568374,'William Melling','0'),(568390,'Robbie Jarvis','0'),(578699,'Grahame Edwards','0'),(580560,'Thomas Kosik','0'),(580566,'Debbi Burns','0'),(580567,'Tony Domino','0'),(584868,'Raja','0'),(590410,'Lee Neville','0'),(593182,'Jordon Hodges','0'),(612216,'Eddy Ko','2'),(853194,'Patrick Leahy','2'),(928572,'Scott Eastwood','2'),(932158,'Corina Calderon','1'),(933716,'Morgana King','1'),(939388,'Cohen Holloway','2'),(950773,'Jackie Gonneau','0'),(956224,'Jamie Waylett','2'),(965219,'Bambadjan Bamba','0'),(970088,'Benjamin Millepied','2'),(971049,'David Ajala','2'),(981048,'Nicholas Bird','2'),(981049,'LuLu Ebeling','1'),(982089,'Tere Livrano','1'),(983705,'Sara Wilson','1'),(986734,'Kelly Kilgour','2'),(1004156,'Gary Rodriguez','2'),(1009221,'Katie Silverman','1'),(1009999,'Doutzen Kroes','1'),(1019578,'Peter Dillon','2'),(1023458,'Wayne Bastrup','2'),(1030512,'Dayo Okeniyi','2'),(1035907,'Darren Kent','2'),(1040480,'Dominic Kinnaird','0'),(1048610,'Luke Hawker','0'),(1049830,'Kerry Cahill','1'),(1052209,'Andrew Byron','2'),(1052875,'Michael Vieau','2'),(1054379,'Christopher Rithin','0'),(1055230,'Raffey Cassidy','1'),(1055672,'Heather Tocquigny','0'),(1056090,'Olumiji Olawumi','0'),(1058106,'Shari Sebbens','0'),(1058963,'Michelle Shields','0'),(1058964,'Tim Krueger','0'),(1062463,'Rhian Sheehan','0'),(1067761,'Josh Feldman','0'),(1068099,'Randy Jurgensen','0'),(1070855,'Peter Brooke','0'),(1072798,'Robert B. Kennedy','0'),(1076049,'Chen Shu','1'),(1077264,'Relioues Webb','0'),(1077828,'Dara McGarry','0'),(1081121,'Sergio Torrado','0'),(1081122,'Abraham Aronofsky','0'),(1081123,'Charlotte Aronofsky','0'),(1086373,'Erron Jay','0'),(1088912,'Liberty Ross','1'),(1088913,'Christopher Obi','2'),(1093972,'Jason Boyd','0'),(1093973,'Richard Macklin','0'),(1093974,'Brigitte Millar','0'),(1093975,'Jamie Wolpert','0'),(1093976,'Apple Brook','0'),(1093977,'Nick Shirm','0'),(1102409,'Greg De Cuir','0'),(1108073,'Bruce Spielbauer','0'),(1110405,'Mackenzie Davis','1'),(1111803,'James Mellor','2'),(1120694,'Jennifer Lee','1'),(1122545,'Lateef Lovejoy','0'),(1123794,'John R. Woodward','0'),(1128275,'Maritza Cabrera','0'),(1128854,'Philip Bulcock','0'),(1131069,'Jake Sim','0'),(1131169,'Richard Divizio','0'),(1132153,'Ronan Summers','2'),(1138844,'Jaime FitzSimons','0'),(1145098,'Lucy Briant','1'),(1148455,'Wyatt Oleff','2'),(1158600,'Austin Wilson','1'),(1161711,'Jon Lee Brody','0'),(1163066,'Stanley B. Herman','0'),(1164341,'Devyn Dalton','0'),(1171527,'Alexander Mercury','0'),(1173241,'Jason Piper','0'),(1174938,'Garrett Palmer','2'),(1180936,'Sean Patrick Murphy','0'),(1181558,'Seth Meriwether','0'),(1185588,'Fred Culbertson','0'),(1185594,'Shirin Caiola','0'),(1185600,'Robert Patrick Stern','0'),(1186027,'Alicia Vela-Bailey','1'),(1186714,'Ruben Pla','2'),(1186841,'Morganna Bridgers','1'),(1188241,'Santino Fontana','2'),(1192165,'Kelli Clevenger','1'),(1195758,'Winston G. Ellis','0'),(1195877,'Salvatore Corsitto','0'),(1196130,'Michael Stoyanov','0'),(1196879,'June Christopher','1'),(1197335,'Laura Chernicky','0'),(1201399,'Joseph Mika-Hunt','0'),(1207205,'Daniel Jefferson','0'),(1207227,'James Patrick Pitt','0'),(1207236,'David Van Horn','0'),(1207247,'Sonia Yee','0'),(1207248,'Jahnel Curfman','1'),(1207249,'Kyla Warren','0'),(1207250,'Lisa Roumain','0'),(1207251,'Taylor Kibby','0'),(1207252,'Jodie Landau','0'),(1207253,'Chris Mala','0'),(1207254,'Julie Lamm','0'),(1207257,'Cullen B. Madden','0'),(1207259,'Joseph Brady Madden','0'),(1207262,'Frankie Torres','0'),(1207263,'Tamica Washington-Miller','0'),(1207264,'Gerry Blair','0'),(1207265,'Paul Yates','0'),(1207266,'Wray Wilson','0'),(1207267,'Melvin Leno Clark III','0'),(1207268,'Carvon Futrell','0'),(1207269,'Brandon Jelkes','0'),(1207270,'Micah Moch','0'),(1207271,'Hanniyah Muhammad','0'),(1207272,'Christopher Nolen','0'),(1207273,'Christa Oliver','0'),(1207274,'April Marie Thomas','0'),(1207275,'Bravita A. Threatt','0'),(1207276,'Colin Bleasdale','0'),(1207278,'Matt Clayton','0'),(1207280,'Jamie Harrison','0'),(1207281,'Allan Henry','0'),(1207282,'Anthony Ingruber','2'),(1207283,'Ashley Jeffery','0'),(1207287,'Kai Pantano','0'),(1207288,'Logan Pithyou','0'),(1207289,'Stuart Pollock','0'),(1207290,'Gareth Ruck','0'),(1207291,'Jodie Taylor','0'),(1207292,'Richard Whiteside','0'),(1207488,'Eva Bella','0'),(1207489,'Livvy Stubenrauch','0'),(1207490,'Patricia Lentz','0'),(1208967,'Matthew O\'Neill','0'),(1209046,'Amit Shah','0'),(1209051,'Robert Stone','0'),(1209055,'John Warman','0'),(1209294,'Don Costello','0'),(1209678,'Filomena Spagnuolo','0'),(1211731,'Jordan Ranft','0'),(1212929,'James McGowan','0'),(1213795,'Tom Rosqui','2'),(1215332,'Craig Heaney','0'),(1216752,'Frank Medrano','2'),(1220201,'Sarah Jayne Dunn','1'),(1223163,'Patrick Heusinger','2'),(1223658,'Raymond S. Persi','2'),(1223786,'Emilia Clarke','1'),(1226696,'Will Zahrn','0'),(1228874,'Robin Pearson Rose','1'),(1229241,'Richard Cubison','0'),(1232399,'Doug Ballard','0'),(1232769,'Amanda Brugel','1'),(1232889,'Rachel Pickup','0'),(1233541,'Sonny Grosso','0'),(1234848,'Conrad Yama','0'),(1235937,'Ron Gilbert','0'),(1236538,'David Katzenberg','2'),(1237372,'Sal Richards','0'),(1238461,'Ariyon Bakare','0'),(1240327,'Dennisha Pratt','0'),(1248379,'Tyree Brown','0'),(1256710,'Flora Nicholson','0'),(1260782,'Kevin Hanchard','2'),(1261397,'Dan Latham','0'),(1266847,'Paige Diaz','1'),(1272968,'Samantha Jo','1'),(1274508,'Jaeden Lieberher','2'),(1278538,'Tom Mishler','0'),(1278539,'Adrian Escober','0'),(1278540,'Brad M. Bucklin','0'),(1278541,'Laura Burnett','0'),(1278542,'Robert \'Bobby Z\' Zajonc','2'),(1279512,'Hattie Gotobed','1'),(1279513,'Xavier Atkins','0'),(1279514,'Elliot Reeve','0'),(1279515,'Tom Mullion','0'),(1284323,'Kevin Hudson','0'),(1284410,'Sabine Mondestin','0'),(1289968,'Cara Delevingne','1'),(1290895,'Rick Petrucelli','0'),(1293174,'Ben Woolf','2'),(1296646,'Lynwood Robinson','0'),(1297390,'Mark O\'Neal','0'),(1297610,'Maia Wilson','0'),(1306573,'Brendan Egan','0'),(1310264,'Stephen Oliver','0'),(1310711,'Lisa Loven Kongsli','1'),(1313093,'Keith Kupferer','0'),(1313559,'Ray Fisher','2'),(1328711,'Sean Edward Frazer','0'),(1334139,'William Smillie','0'),(1337623,'Actor Sergio Kato','2'),(1340660,'Spencer Ganus','0'),(1340664,'Ava Acres','1'),(1340665,'Stephen Apostolina','0'),(1340667,'Krik Baily','0'),(1340669,'Paul Briggs','0'),(1340671,'Woody Buck','0'),(1340673,'Lewis Cleale','2'),(1340674,'Wendy Cutler','1'),(1340676,'Daniel Kaz','0'),(1340677,'John Lavelle','0'),(1340678,'Annie Lopez','0'),(1340680,'Adam Overett','0'),(1340682,'Jennifer Perry','0'),(1340684,'Carter Sand','2'),(1340685,'Jadon Sand','0'),(1345133,'Kevin Vance','0'),(1352028,'Gabriel Bateman','2'),(1355150,'Scott Edgecombe','0'),(1358087,'Brett Azar','2'),(1358561,'Shiloh Nelson','0'),(1358563,'Tree O\'Toole','1'),(1358564,'Trampas Thompson','2'),(1358565,'Camden Singer','0'),(1358566,'Keira Daniels','0'),(1358567,'Richard Allan Jones','2'),(1360008,'Joseph Oliveira','2'),(1360156,'Ann Ogbomo','0'),(1365662,'Scott Alexander Young','2'),(1366350,'John MacDonald','0'),(1369078,'Amos Stern','0'),(1371392,'Anne Bergstedt Jordanova','0'),(1372790,'Erica Beck','0'),(1376110,'Hugh Scott','0'),(1378657,'Lili Bordán','1'),(1379566,'Tony Watt','0'),(1379639,'Gary \'Si-Jo\' Foo','0'),(1380656,'Kevin Zaideman','0'),(1387292,'James Payton','2'),(1389198,'Gemma Refoufi','1'),(1390710,'Nóra Lili Hörich','1'),(1392731,'Natalie Hallam','1'),(1394333,'Dilyana Bouklieva','1'),(1394354,'Thomas Gaitsch','0'),(1394464,'Connor Zegenhagen','0'),(1394617,'Aaron V. Williamson','0'),(1394703,'Robert Dahdah','0'),(1396920,'Roger Shank','0'),(1411679,'Anthony Michael Frederick','2'),(1414711,'Gruffudd Glyn','2'),(1417539,'Paulina Boneva','0'),(1418518,'Ben O\'Brien','0'),(1422439,'Dorothy Silver','0'),(1424043,'Patrick Clear','0'),(1426334,'Buster Reeves','0'),(1429010,'Sarah Hay','1'),(1431128,'Caroline Maria Winberg','0'),(1434826,'Charlotte Nicdao','0'),(1439028,'Kamilla Fátyol','0'),(1442069,'Finn Wolfhard','2'),(1443485,'Colette Whitaker','0'),(1451160,'Matty Ferraro','0'),(1451618,'Anthony J. Sacco','2'),(1454332,'Daralina Komar','0'),(1456151,'Shailyn Pierre-Dixon','0'),(1457240,'Gana Bayarsaikhan','0'),(1461309,'Rajeev Pahuja','0'),(1461608,'Karen Fukuhara','1'),(1464854,'Matt Shallenberger','0'),(1468165,'Geoff Wehner','0'),(1468178,'Sasha Sheldon','0'),(1480961,'Dwight Ireland','2'),(1481238,'Sophia Lillis','1'),(1481440,'Daniel Stisen','2'),(1482610,'Jameson Kraemer','2'),(1484899,'Molly Atkinson','0'),(1486835,'Joel Lacoursiere','0'),(1488192,'Christopher Dyson','2'),(1488236,'Matt Berry','0'),(1493969,'Amiah Miller','1'),(1502439,'Bern Collaco','0'),(1502441,'Kornelia Horvath','1'),(1503035,'Joseph Medaglia','2'),(1503036,'Joe Lo Grippo','2'),(1504947,'Nicholas Hamilton','2'),(1508585,'Declan Hannigan','0'),(1509613,'Nikolett Barabas','1'),(1509614,'Karen Gagnon','1'),(1509615,'Nick Mohammed','2'),(1509616,'James Fred Harkins Jr.','2'),(1509617,'Björn Freiberg','2'),(1512023,'Erik A. Williams','0'),(1513916,'Kevin Kent','0'),(1520526,'Peter Tufford Kennedy','0'),(1522073,'Nydia Rodriguez Terracina','0'),(1526574,'Sam Derence','0'),(1527565,'Mayling Ng','1'),(1527566,'Jet Tranter','1'),(1535059,'Alia Seror-O\'Neill','0'),(1537819,'Ken Magee','2'),(1540119,'Afsheen Olyaie','2'),(1543542,'Shawn J. Hamilton','0'),(1543547,'Drew Moss','0'),(1545155,'Ariane Bellamar','1'),(1545156,'Alyssa Veniece','1'),(1545157,'Murray Urquhart','0'),(1551776,'Tom McComas','0'),(1552999,'Henry Milton Chu','0'),(1553096,'Valiant Michael','0'),(1554488,'Geoffrey Thomas','2'),(1554489,'Yang Haiwen','0'),(1554490,'Narantsogt Tsogtsaikhan','0'),(1559689,'Jeremy Ray Taylor','2'),(1562095,'Ulli Ackermann','0'),(1563912,'Alen Toric','0'),(1567040,'James Chilli Chillingwort','0'),(1570328,'Hamish Parkinson','0'),(1571654,'Sophia McGregor','0'),(1574936,'Mark Falvo','0'),(1576250,'Willa Taylor','1'),(1576251,'Terry Dale Parks','2'),(1580169,'Niki McElroy','1'),(1586047,'Owen Teague','0'),(1590230,'Edie Inksetter','1'),(1590758,'Emily Carey','1'),(1592480,'Dino Fazzani','0'),(1599260,'Wai Wong','2'),(1599752,'Philip Friedman','0'),(1600910,'Justin Moses','0'),(1619926,'Vivienne Taylor','1'),(1622765,'Tamina Pollack-Paris','1'),(1624179,'Scott Mann','0'),(1624443,'Flor Ferraco','1'),(1624910,'Peter DeFaria','2'),(1631516,'Cliff Lanning','2'),(1631707,'Nancy Crane','0'),(1632662,'Goran Stjepanovic','0'),(1635843,'Matt Townsend','0'),(1635870,'Richard Price','0'),(1643043,'Chosen Jacobs','2'),(1643761,'Jennie Eggleton','0'),(1649803,'Jackson Robert Scott','2'),(1651271,'Jamie Soricelli','1'),(1651385,'Roman Green','0'),(1651386,'Miroslav Zaruba','0'),(1651394,'Shane Griffin','0'),(1651414,'Sternkiker François','0'),(1655526,'Nigel Carrington','0'),(1656699,'Brianna Goldie','0'),(1661772,'Helene Wilson','0'),(1674205,'Eloise Winestock','0'),(1674439,'Joshua Rollins','2'),(1676636,'Peter Schueller','0'),(1678566,'Joseph Luis Caballero','0'),(1687354,'Shalom Brune-Franklin','0'),(1690239,'Winnie Mzembe','0'),(1690518,'Rekha Luther','0'),(1691280,'Waleska Latorre','0'),(1698765,'Tim Ajro','0'),(1699114,'Lora Moss','0'),(1700678,'Nicholas Wittman','0'),(1702759,'Shaun Newnham','0'),(1702788,'Georgina Armstrong','1'),(1716602,'Tazito Garcia','0'),(1717128,'Kelly Burke','0'),(1717130,'Alexandra Ford','1'),(1720669,'Mike Kelly','0'),(1720670,'Frederik Pleitgen','0'),(1720671,'Charlie Gardner','0'),(1720680,'Jason Ryan','0'),(1720681,'James Dougherty','0'),(1726321,'Camilla Roholm','0'),(1727014,'Derek Perks','0'),(1727015,'Andrew Bee','0'),(1727016,'Clive McLean','0'),(1727017,'Kent Sheridan','2'),(1727018,'Rosemary De Los Santos','0'),(1727020,'Matt Baram','0'),(1727022,'Birgitte Solem','1'),(1727023,'Tyler Grey','0'),(1727024,'Nathan Brown','0'),(1727025,'Agueda Cardenas','1'),(1727027,'Daniela Uruena','1'),(1727028,'Nicolas Uruena','0'),(1730333,'Logan Thompson','0'),(1735654,'Ekran Mustafa','0'),(1736435,'Ryan Groves','0'),(1743005,'Tom Whelehan','0'),(1743363,'Sofia Abbasi','0'),(1743575,'Annarie Boor','1'),(1743593,'David Georgiou','0'),(1744067,'Joe Warshaw','0'),(1744502,'Jim Sarbh','0'),(1747278,'Diezel Ramos','0'),(1754320,'Devlin Anderson','0'),(1754321,'Briana Andrade-Gomes','1'),(1754322,'Raffi Atamian','0'),(1754331,'John Byers','0'),(1754333,'Heather Byrne','1'),(1754334,'Corey Chainey','0'),(1754335,'Shak Chaudhry','0'),(1754336,'Andrew Christie','0'),(1754337,'Alex Chung','0'),(1754338,'Gavin R. Downes','0'),(1754339,'Reid Eastwood','0'),(1754340,'Jeff Ellenberger','0'),(1754342,'Tatyana Figueiredo','1'),(1754346,'William Hainsworth','0'),(1754347,'Dexter Howe','0'),(1754348,'Melanie Hubert','1'),(1754349,'Shane Clinton Jarvis','0'),(1754350,'Martin Kessler','0'),(1754351,'Melissa Lem','1'),(1754352,'Stephanie Manchulenko','1'),(1754353,'Matthew Mease','0'),(1754354,'Christopher Meneses','0'),(1754358,'Alisha Phillips','0'),(1754361,'Michael Prather','0'),(1754364,'Asad Que','0'),(1754365,'Mark Quigley','0'),(1754366,'Jasmine Sean','0'),(1754368,'Attila Sebesy','0'),(1754370,'Rick Silver','0'),(1754371,'Connor Skific','0'),(1754375,'Jasmine Renée Thomas','0'),(1754377,'Dallas Wade','0'),(1754379,'James Weicht','0'),(1754380,'Taylor Whittaker','0'),(1754383,'Robert L. Wilson','0'),(1756412,'Ray Whelan','0'),(1767342,'Madeleine Vall','0'),(1767343,'Ann Wolfe','0'),(1768699,'Tahlia Jade','1'),(1774679,'Jack Dylan Grazer','0'),(1774680,'Cyndy Day','0'),(1774681,'Pip Dwyer','1'),(1774685,'Carter Musselman','0'),(1774686,'Tatum Lee','0'),(1774688,'Aimee Lenihan','0'),(1774689,'Kylie Lenihan','0'),(1781739,'Walter Lewis','0'),(1785923,'Jag Patel','0'),(1795311,'Greta Carew-Johns','0'),(1796478,'Alec Hopkins','0'),(1796479,'James Walters','0'),(1796480,'Charles Hughes','0'),(1796481,'James Utechin','0'),(1796482,'Lauren Shotton','0'),(1796483,'Peter Best','0'),(1796484,'Tav MacDougall','0'),(1796485,'Richard Trinder','0'),(1796489,'Lisa Wood','0'),(1809569,'Christopher Marsh','0'),(1809570,'James M.L. Muller','0'),(1809572,'Yves O\'Hara','0'),(1810485,'Ernest Wells','2'),(1813664,'John Kinory','0'),(1813770,'Mollie McGregor','0'),(1813771,'Donnie Baxter','0'),(1813934,'Zinnia Kumar','0'),(1813935,'Jacqui-Lee Pryce','0'),(1814638,'Tracie Filmer','0'),(1814641,'Beatrice Ward','0'),(1820018,'Tim Ingall','2'),(1820151,'Marko Leht','2'),(1823591,'Eugene Brave Rock','2'),(1824289,'Edward Wolstenholme','0'),(1824290,'Frank Allen Forbes','0'),(1824291,'Ben Kelleher','0'),(1824293,'Harry Brewis','0'),(1824294,'Karl Fredrick Hiemeyer','0'),(1824295,'Jemma Moore','0'),(1824296,'Roy Martin Thorn','0'),(1824297,'Steve Healey','0'),(1824299,'Fran Targ','0'),(1824300,'Dario A. Lee','0'),(1824301,'Freddy Carter','0'),(1824302,'Phil Tillott','0'),(1824303,'Adam Sef','0'),(1824304,'Zac Whitehead','0'),(1829985,'Lilly Aspell','1'),(1830144,'Andrea Vasiliou','0'),(1831280,'Hayley Warnes','0'),(1831281,'Brooke Ence','0'),(1831282,'Hari James','0'),(1831283,'Eva Dabrowski','0'),(1831379,'Martin Bishop','0'),(1840452,'Tom McElroy','0'),(1844293,'Sonia Gascón','0'),(1844295,'Becky Wolf','0'),(1844296,'Kelly Van der Burg','0'),(1851029,'John Henry Binder','0'),(1857866,'Kattreya Scheurer-Smith','0'),(1861352,'Michael Tantrum','0'),(1870607,'Greg Beam','0'),(1870608,'Erik Hellman','0'),(1870609,'Andy Luther','0'),(1870610,'James Farruggio','0'),(1870611,'James Fierro','0'),(1870612,'Jennifer Knox','1'),(1870613,'Sophia Hinshelwood','0'),(1870614,'Daryl Satcher','0'),(1870615,'Chris Petschler','0'),(1870616,'Aidan Feore','0'),(1870620,'Lanny Lutz','0'),(1870623,'Michael Andrew Gorman','0'),(1870625,'Dale Rivera','0'),(1870627,'Adam Kalesperis','0'),(1870629,'Gertrude Kyles','0'),(1870631,'James Scales','0'),(1870636,'Michael Corey Foster','0'),(1870637,'Hannah Gunn','0'),(1870638,'Brandon Lambdin','0'),(1890409,'Ooooota Adepo','0'),(1890450,'Caitlin Burles','0'),(1890458,'Fred Fergus','0'),(1890493,'Amber Doyle','0'),(1890510,'Betty Adewole','0'),(1890511,'Freddy Elletson','0'),(1890513,'Sammy Hayman','0'),(1893335,'Katie Lunman','0'),(1897894,'Kai Steel Smith','0'),(1909074,'Georgia Blizzard','0'),(1909075,'Amali Golden','0'),(1909076,'Ashley Ricardo','0'),(1909077,'Taylor Hemsworth','0'),(1909079,'Sophia Laryea','0'),(1909080,'Sky Castanho','0'),(1909081,'Richard Green','0'),(1909082,'Sol Castanho','0'),(1909083,'Samantha Hopper','0'),(1924835,'Sergi Constance','0'),(1926100,'Philip Ettington','2');
/*!40000 ALTER TABLE `actor` ENABLE KEYS */;
UNLOCK TABLES;

--
-- Table structure for table `director`
--

DROP TABLE IF EXISTS `director`;
/*!40101 SET @saved_cs_client     = @@character_set_client */;
/*!40101 SET character_set_client = utf8 */;
CREATE TABLE `director` (
  `dir_id` int(11) NOT NULL AUTO_INCREMENT,
  `dir_fname` varchar(20) DEFAULT NULL,
  `dir_lname` varchar(20) DEFAULT NULL,
  PRIMARY KEY (`dir_id`)
) ENGINE=InnoDB DEFAULT CHARSET=utf8;
/*!40101 SET character_set_client = @saved_cs_client */;

--
-- Dumping data for table `director`
--

LOCK TABLES `director` WRITE;
/*!40000 ALTER TABLE `director` DISABLE KEYS */;
/*!40000 ALTER TABLE `director` ENABLE KEYS */;
UNLOCK TABLES;

--
-- Table structure for table `genres`
--

DROP TABLE IF EXISTS `genres`;
/*!40101 SET @saved_cs_client     = @@character_set_client */;
/*!40101 SET character_set_client = utf8 */;
CREATE TABLE `genres` (
  `gen_id` int(11) NOT NULL AUTO_INCREMENT,
  `gen_title` varchar(20) DEFAULT NULL,
  PRIMARY KEY (`gen_id`)
) ENGINE=InnoDB AUTO_INCREMENT=10771 DEFAULT CHARSET=utf8;
/*!40101 SET character_set_client = @saved_cs_client */;

--
-- Dumping data for table `genres`
--

LOCK TABLES `genres` WRITE;
/*!40000 ALTER TABLE `genres` DISABLE KEYS */;
INSERT INTO `genres` VALUES (12,'Adventure'),(14,'Fantasy'),(16,'Animation'),(18,'Drama'),(27,'Horror'),(28,'Action'),(35,'Comedy'),(36,'History'),(37,'Western'),(53,'Thriller'),(80,'Crime'),(99,'Documentary'),(878,'Science Fiction'),(9648,'Mystery'),(10402,'Music'),(10749,'Romance'),(10751,'Family'),(10752,'War'),(10770,'TV Movie');
/*!40000 ALTER TABLE `genres` ENABLE KEYS */;
UNLOCK TABLES;

--
-- Table structure for table `movie`
--

DROP TABLE IF EXISTS `movie`;
/*!40101 SET @saved_cs_client     = @@character_set_client */;
/*!40101 SET character_set_client = utf8 */;
CREATE TABLE `movie` (
  `mov_id` int(11) NOT NULL AUTO_INCREMENT,
  `mov_title` varchar(50) DEFAULT NULL,
  `mov_time` int(11) DEFAULT NULL,
  `mov_lang` varchar(50) DEFAULT NULL,
  `mov_dt_rel` date DEFAULT NULL,
  `mov_rel_country` varchar(5) DEFAULT NULL,
  `mov_plot` varchar(250) DEFAULT NULL,
  `img_id` varchar(15) DEFAULT NULL,
  PRIMARY KEY (`mov_id`)
) ENGINE=InnoDB AUTO_INCREMENT=432528 DEFAULT CHARSET=utf8;
/*!40101 SET character_set_client = @saved_cs_client */;

--
-- Dumping data for table `movie`
--

LOCK TABLES `movie` WRITE;
/*!40000 ALTER TABLE `movie` DISABLE KEYS */;
INSERT INTO `movie` VALUES (6,'Titanic',194,'eng','1997-12-19','USA','A seventeen-year-old aristocrat falls in love with a kind but poor artist aboard the luxurious, ill-fated R.M.S. Titanic.','titnk.jpg'),(12,'Finding Nemo',120,'en','2003-05-30',NULL,'Nemo, an adventurous young clownfish, is unexpectedly taken from his Great Barrier Reef home to a dentist\'s office aquarium. It\'s up to his worrisome father Marlin and a friendly but forgetful fish Dory to bring Nemo home -- meeting vegetarian sharks',NULL),(155,'The Dark Knight',120,'en','2008-07-16',NULL,'Batman raises the stakes in his war on crime. With the help of Lt. Jim Gordon and District Attorney Harvey Dent, Batman sets out to dismantle the remaining criminal organizations that plague the streets. The partnership proves to be effective, but th',NULL),(238,'The Godfather',120,'en','1972-03-14',NULL,'Spanning the years 1945 to 1955, a chronicle of the fictional Italian-American Corleone crime family. When organized crime family patriarch, Vito Corleone barely survives an attempt on his life, his youngest son, Michael steps in to take care of the ',NULL),(278,'The Shawshank Redemption',120,'en','1994-09-23',NULL,'Framed in the 1940s for the double murder of his wife and her lover, upstanding banker Andy Dufresne begins a new life at the Shawshank prison, where he puts his accounting skills to work for an amoral warden. During his long stretch in prison, Dufre',NULL),(329,'Jurassic Park',120,'en','1993-06-11',NULL,'A wealthy entrepreneur secretly creates a theme park featuring living dinosaurs drawn from prehistoric DNA. Before opening day, he invites a team of experts and his two eager grandchildren to experience the park and help calm anxious investors. Howev',NULL),(675,'Harry Potter and the Order of the Phoenix',120,'en','2007-06-28',NULL,'Returning for his fifth year of study at Hogwarts, Harry is stunned to find that his warnings about the return of Lord Voldemort have been ignored. Left with no choice, Harry takes matters into his own hands, training a small group of students – dubb',NULL),(10681,'WALL·E',120,'en','2008-06-22',NULL,'WALL·E is the last robot left on an Earth that has been overrun with garbage and all humans have fled to outer space. For 700 years he has continued to try and clean up the mess, but has developed some rather interesting human-like qualities. When a ',NULL),(19995,'Avatar',120,'en','2009-12-10',NULL,'In the 22nd century, a paraplegic Marine is dispatched to the moon Pandora on a unique mission, but becomes torn between following orders and protecting an alien civilization.',NULL),(44214,'Black Swan',120,'en','2010-12-02',NULL,'A ballet dancer wins the lead in \"Swan Lake\" and is perfect for the role of the delicate White Swan - Princess Odette - but slowly loses her mind as she becomes more and more like Odile, the Black Swan.',NULL),(49018,'Insidious',120,'en','2010-09-13',NULL,'A family discovers that dark spirits have invaded their home after their son inexplicably falls into an endless sleep. When they reach out to a professional for help, they learn things are a lot more personal than they thought.',NULL),(58595,'Snow White and the Huntsman',120,'en','2012-05-30',NULL,'After the Evil Queen marries the King, she performs a violent coup in which the King is murdered and his daughter, Snow White, is taken captive. Almost a decade later, a grown Snow White is still in the clutches of the Queen. In order to obtain immor',NULL),(87101,'Terminator Genisys',120,'en','2015-06-23',NULL,'The year is 2029. John Connor, leader of the resistance continues the war against the machines. At the Los Angeles offensive, John\'s fears of the unknown future begin to emerge when TECOM spies reveal a new plot by SkyNet that will attack him from bo',NULL),(109445,'Frozen',120,'en','2013-11-27',NULL,'Young princess Anna of Arendelle dreams about finding true love at her sister Elsa’s coronation. Fate takes her on a dangerous journey in an attempt to end the eternal winter that has fallen over the kingdom. She\'s accompanied by ice delivery man Kri',NULL),(141052,'Justice League',120,'en','2017-11-15',NULL,'Fueled by his restored faith in humanity and inspired by Superman\'s selfless act, Bruce Wayne and Diana Prince assemble a team of metahumans consisting of Barry Allen, Arthur Curry, and Victor Stone to face the catastrophic threat of Steppenwolf and ',NULL),(250546,'Annabelle',120,'en','2014-10-02',NULL,'John Form has found the perfect gift for his expectant wife, Mia - a beautiful, rare vintage doll in a pure white wedding dress. But Mia\'s delight with Annabelle doesn\'t last long. On one horrific night, their home is invaded by members of a satanic ',NULL),(281338,'War for the Planet of the Apes',120,'en','2017-07-11',NULL,'Caesar and his apes are forced into a deadly conflict with an army of humans led by a ruthless Colonel. After the apes suffer unimaginable losses, Caesar wrestles with his darker instincts and begins his own mythic quest to avenge his kind. As the jo',NULL),(284053,'Thor: Ragnarok',120,'en','2017-10-25',NULL,'Thor is imprisoned on the other side of the universe and finds himself in a race against time to get back to Asgard to stop Ragnarok, the destruction of his homeworld and the end of Asgardian civilization, at the hands of an all-powerful new threat, ',NULL),(286217,'The Martian',120,'en','2015-09-30',NULL,'During a manned mission to Mars, Astronaut Mark Watney is presumed dead after a fierce storm and left behind by his crew. But Watney has survived and finds himself stranded and alone on the hostile planet. With only meager supplies, he must draw upon',NULL),(297761,'Suicide Squad',120,'en','2016-08-02',NULL,'From DC Comics comes the Suicide Squad, an antihero team of incarcerated supervillains who act as deniable assets for the United States government, undertaking high-risk black ops missions in exchange for commuted prison sentences.',NULL),(297762,'Wonder Woman',120,'en','2017-05-30',NULL,'An Amazon princess comes to the world of Man to become the greatest of the female superheroes.',NULL),(346364,'It',120,'en','2017-09-05',NULL,'In a small town in Maine, seven children known as The Losers Club come face to face with life problems, bullies and a monster that takes the shape of a clown called Pennywise.',NULL),(432527,'Padmavati',120,'hi','2017-12-01',NULL,'The story of Alauddin Khilji, the second ruler of the Khilji dynasty, and his obsessive love for the queen of Mewar, Padmavati, renowned for her beauty, intellect and courage.',NULL);
/*!40000 ALTER TABLE `movie` ENABLE KEYS */;
UNLOCK TABLES;
/*!50003 SET @saved_cs_client      = @@character_set_client */ ;
/*!50003 SET @saved_cs_results     = @@character_set_results */ ;
/*!50003 SET @saved_col_connection = @@collation_connection */ ;
/*!50003 SET character_set_client  = cp850 */ ;
/*!50003 SET character_set_results = cp850 */ ;
/*!50003 SET collation_connection  = cp850_general_ci */ ;
/*!50003 SET @saved_sql_mode       = @@sql_mode */ ;
/*!50003 SET sql_mode              = 'NO_AUTO_CREATE_USER,NO_ENGINE_SUBSTITUTION' */ ;
DELIMITER ;;
/*!50003 CREATE*/ /*!50017 DEFINER=`root`@`localhost`*/ /*!50003 TRIGGER movie_trigger
after delete on movie
for each row
BEGIN
insert into movie_log values(old.mov_id,old.mov_title,old.mov_time,
old.mov_lang,old.mov_dt_rel,old.mov_rel_country,old.mov_plot,curtime());
END */;;
DELIMITER ;
/*!50003 SET sql_mode              = @saved_sql_mode */ ;
/*!50003 SET character_set_client  = @saved_cs_client */ ;
/*!50003 SET character_set_results = @saved_cs_results */ ;
/*!50003 SET collation_connection  = @saved_col_connection */ ;

--
-- Table structure for table `movie_cast`
--

DROP TABLE IF EXISTS `movie_cast`;
/*!40101 SET @saved_cs_client     = @@character_set_client */;
/*!40101 SET character_set_client = utf8 */;
CREATE TABLE `movie_cast` (
  `act_id` int(11) DEFAULT NULL,
  `mov_id` int(11) DEFAULT NULL,
  `role` varchar(30) DEFAULT NULL,
  KEY `act_id` (`act_id`),
  KEY `mov_id` (`mov_id`),
  CONSTRAINT `movie_cast_ibfk_1` FOREIGN KEY (`act_id`) REFERENCES `actor` (`act_id`) ON DELETE CASCADE,
  CONSTRAINT `movie_cast_ibfk_2` FOREIGN KEY (`mov_id`) REFERENCES `movie` (`mov_id`) ON DELETE CASCADE
) ENGINE=InnoDB DEFAULT CHARSET=utf8;
/*!40101 SET character_set_client = @saved_cs_client */;

--
-- Dumping data for table `movie_cast`
--

LOCK TABLES `movie_cast` WRITE;
/*!40000 ALTER TABLE `movie_cast` DISABLE KEYS */;
INSERT INTO `movie_cast` VALUES (2880,6,'Frank Wyatt'),(9777,6,'Mike Peterson'),(5724,6,'Fallon'),(12799,6,'Ray Cochran'),(11803,6,'Sykes'),(52422,6,'Teddy, the Kid'),(121667,6,'Rhodes'),(102710,6,'Travis'),(1077264,6,'Dre'),(154124,6,'Buck'),(55964,6,'Linda Wyatt'),(105988,6,'Clarissa'),(22621,6,'Rita'),(10822,6,'John Wyatt'),(1226696,6,'Charley'),(880,141052,'Bruce Wayne / Batman'),(73968,141052,'Kal-El / Clark Kent / Superman'),(9273,141052,'Lois Lane'),(90633,141052,'Diana Prince / Wonder Woman'),(132157,141052,'Barry Allen / Flash'),(117642,141052,'Arthur Curry / Aquaman'),(1313559,141052,'Victor Stone / Cyborg'),(16940,141052,'Alfred Pennyworth'),(2882,141052,'Martha Kent'),(935,141052,'Queen Hippolyta'),(18999,141052,'Commissioner James Gordon'),(8785,141052,'Steppenwolf'),(3977,141052,'Silas Stone'),(11207,141052,'Ares'),(55085,141052,'Mera'),(8289,141052,'Henry Allen (uncredited)'),(109650,141052,'King Atlan'),(73288,141052,'Black Clad Alpha'),(1067,141052,'Officer Ben Sadowsky'),(20580,141052,'Slade Wilson / Deathstroke (un'),(44735,141052,'Lex Luthor (uncredited)'),(1310711,141052,'Menalippe'),(55584,141052,'Mayor (as Ingvar Sigurdsson)'),(1389198,141052,'Lex Luthor\'s Guard'),(1717128,141052,'Air Force Security Officer'),(1417539,141052,'Paramedic Gotham City Hospital'),(1717130,141052,'Front Row Football Fan'),(62976,141052,'Epione'),(1481440,141052,'Ancient Warrior'),(1272968,141052,'Euboea'),(1924835,141052,'Zeus'),(524,44214,'Nina Sayers'),(18973,44214,'Lily'),(1925,44214,'Thomas Leroy'),(10767,44214,'Erica Sayers'),(1920,44214,'Beth MacIntyre'),(970088,44214,'David Moreau'),(140407,44214,'Veronica'),(43443,44214,'Galina'),(90755,44214,'Madeline'),(60898,44214,'Andrew'),(60901,44214,'Tom'),(1081121,44214,'Sergio'),(1173,44214,'Mr. Fithian'),(28030,44214,'Mrs. Fithian'),(1081122,44214,'Mr. Stein'),(1081123,44214,'Mrs. Stein'),(14548,44214,'Georgina'),(140409,44214,'Sebastian'),(68108,44214,'Scott'),(11872,44214,'Susie'),(1163066,44214,'Uncle Hank'),(140408,44214,'Violinist'),(1429010,44214,'Corps De Ballet'),(19469,44214,'Nurse'),(78581,44214,'Jaded Piano Player'),(1223163,44214,'Rich Gent'),(1371392,44214,'Dancer (uncredited)'),(1454332,44214,'Ballet Dancer (uncredited)'),(58964,44214,'Ballet Dancer (uncredited)'),(4783,329,'Dr. Alan Grant'),(4784,329,'Dr. Ellie Sattler'),(4785,329,'Dr. Ian Malcolm'),(4786,329,'John Hammond'),(4789,329,'Robert Muldoon'),(4790,329,'Donald Gennaro'),(14592,329,'Wu'),(4787,329,'Tim Murphy'),(4788,329,'Lex Murphy'),(2231,329,'Arnold'),(4201,329,'Dennis Nedry'),(2211,329,'Gerry Harding'),(30488,329,'Juanito Rostagno'),(176312,329,'Lewis Dodgson'),(145531,329,'Volunteer #1'),(166298,329,'Volunteer Boy'),(1060,329,'Mate'),(9559,329,'Worker in Raptor Pen'),(1278538,329,'Helicopter Pilot'),(4791,329,'Mr. D.N.A. (voice)'),(1278539,329,'Worker at Amber Mine'),(26660,329,'Jurassic Park Tour Voice (voic'),(1278540,329,'Lab Technician (uncredited)'),(1278541,329,'Archeologist (uncredited)'),(1004156,329,'Miner - Dug Out Mosquito (uncr'),(15335,329,'Driver of Grant, Sattler & Mal'),(1278542,329,'InGen Helicopter Pilot (uncred'),(670,10681,'WALL·E / M-O (voice)'),(72754,10681,'EVE (voice)'),(60074,10681,'Captain (voice)'),(20753,10681,'Shelby Forthright, BnL CEO'),(72755,10681,'AUTO (voice)'),(7907,10681,'John (voice)'),(11074,10681,'Mary (voice)'),(10205,10681,'Ship\'s Computer (voice)'),(59357,10681,'Steward Bots (voice)'),(78317,10681,'Axiom Passenger (voice)'),(167295,10681,'Axiom Passenger (voice)'),(12890,10681,'Axiom Passenger (voice)'),(86006,10681,'Axiom Passenger (voice)'),(84494,10681,'Axiom Passenger (voice)'),(117081,10681,'(voice)'),(84495,10681,'Axiom Passenger (voice)'),(214701,10681,'Axiom Passenger (voice)'),(84493,10681,'Axiom Passenger (voice)'),(35159,10681,'Axiom Passenger (voice)'),(24358,10681,'Axiom Passenger (voice)'),(7882,10681,'Forthright\'s Advisor (voice)'),(157626,10681,'Axiom Passenger (voice)'),(225986,10681,'PR-T (voice)'),(7,10681,'Lifeguard Bot (voice)'),(86007,10681,'Billboard Announcer (voice)'),(1443485,10681,'Axiom Passenger (voice)'),(99639,10681,'Hoverchair Mother (uncredited)'),(7929,10681,'BURN-E (voice) (uncredited)'),(1580169,10681,'Pool Mother (uncredited)'),(1174938,10681,'Blond Boy in Commercial (uncre'),(1897894,10681,'Brunette Boy in commercial (un'),(1897894,10681,'Brunette Boy in Commercial (un'),(504,278,'Andy Dufresne'),(192,278,'Ellis Boyd \'Red\' Redding'),(4029,278,'Warden Samuel Norton'),(6574,278,'Captain Byron T. Hadley'),(6576,278,'Bogs Diamond'),(6577,278,'Brooks Hatlen'),(6575,278,'Tommy'),(6573,278,'Heywood'),(12645,278,'1946 D.A.'),(92119,278,'Skeet'),(168323,278,'Jigger'),(6580,278,'Floyd'),(2555,278,'Snooze'),(5063,278,'Ernie'),(8693,278,'Guard Mert'),(32393,278,'Guard Trout'),(6578,278,'Andy Dufresne\'s Wife'),(1624179,278,'Glenn Quentin'),(163979,278,'1946 Judge'),(194459,278,'1947 Parole Hearings Man'),(52603,278,'Fresh Fish Con'),(122596,278,'Hungry Fish Con'),(1216752,278,'Fat Ass'),(139992,278,'Tyrell'),(32656,278,'Rooster'),(2141,278,'Guard Youngblood'),(6579,278,'Guard Dekins'),(79025,278,'Guard Wiley'),(1422439,278,'1954 Landlady'),(91420,278,'Head Bull Haig'),(123302,278,'1954 Food-Way Manager'),(105649,278,'Elmo Blatch'),(1123794,278,'Bullhorn Tower Guard'),(27690,278,'Bugle Editor'),(48587,278,'1967 Parole Hearings Man'),(1537819,278,'Ned Grimes'),(25659,278,'Con (uncredited)'),(1185588,278,'Police Officer (uncredited)'),(92647,278,'Inmate (uncredited)'),(1337623,278,'Inmate II (uncredited)'),(389763,278,'Pete'),(1926100,278,'Frank (uncredited)'),(13,12,'Marlin (voice)'),(14,12,'Dory (voice)'),(12,12,'Nemo (voice)'),(5293,12,'Gill (voice)'),(18,12,'Bloat (voice)'),(19,12,'Peach (voice)'),(6168,12,'Gurgle (voice)'),(17401,12,'Bubbles (voice)'),(14723,12,'Deb / Flo (voice)'),(7911,12,'Jacques (voice)'),(118,12,'Nigel (voice)'),(7,12,'Crush (voice)'),(20,12,'Coral (voice)'),(981048,12,'Squirt (voice)'),(10,12,'Mr. Ray (voice)'),(22,12,'Bruce (voice)'),(8783,12,'Anchor (voice)'),(27752,12,'Chum (voice)'),(23,12,'Dentist (voice)'),(981049,12,'Darla (voice)'),(1211731,12,'Tad (voice)'),(1372790,12,'Pearl (voice)'),(17190,12,'Sheldon (voice)'),(7907,12,'Fish School (voice)'),(214701,12,'Additional Voices (voice)'),(10980,675,'Harry Potter'),(10989,675,'Ron Weasley'),(10990,675,'Hermione Granger'),(5658,675,'Albus Dumbledore'),(5469,675,'Lord Voldemort'),(10993,675,'Draco Malfoy'),(1923,675,'Rubeus Hagrid'),(4566,675,'Severus Snape'),(10978,675,'Minerva McGonagall'),(1283,675,'Bellatrix Lestrange'),(2039,675,'Alastor \'Mad­Eye\' Moody'),(64,675,'Sirius Black'),(11355,675,'Lucius Malfoy'),(11356,675,'Dolores Umbridge'),(96841,675,'Neville Longbottom'),(10991,675,'Ginny Weasley'),(96851,675,'Fred Weasley'),(140368,675,'George Weasley'),(140367,675,'Luna Lovegood'),(10983,675,'Vernon Dursley'),(10981,675,'Petunia Dursley'),(23076,675,'Cornelius Fudge'),(7056,675,'Sybil Trelawney'),(477,675,'Molly Weasley'),(11207,675,'Remus Lupin'),(3300,675,'Nymphadora Tonks'),(10982,675,'Dudley Dursley'),(11180,675,'Argus Filch'),(20999,675,'Arthur Weasley'),(234933,675,'Cho Chang'),(10992,675,'Percy Weasley'),(234922,675,'Seamus Finnigan'),(234923,675,'Dean Thomas'),(11184,675,'Filius Flitwick'),(956224,675,'Vincent Crabbe'),(11212,675,'Gregory Goyle'),(234925,675,'Parvati Patil'),(234926,675,'Padma Patil'),(10988,675,'Lily Potter'),(1643,675,'James Potter'),(72309,675,'Arabella Figg'),(2247,675,'Kingsley Shacklebolt'),(186070,675,'Elphias Doge'),(1093974,675,'Emmeline Vance'),(17069,675,'Amelia Bones'),(1093976,675,'Wilhelmina Grubbly-Plank'),(568374,675,'Nigel Wolpert'),(144867,675,'Aberforth Dumbledore'),(1093977,675,'Zacharias Smith'),(189689,675,'Michael Corner'),(192865,675,'Everard'),(559759,675,'Phineas Nigellus Black'),(16792,675,'John Dawlish'),(9191,675,'Peter Pettigrew'),(1796482,675,'Pansy Parkinson'),(133031,675,'Bob'),(1093972,675,'Piers Polkiss'),(1093973,675,'Malcolm'),(1054379,675,'Dennis'),(79856,675,'Grawp'),(3548,675,'Kreacher (voice)'),(47730,675,'Mafalda Hopkirk (voice)'),(30085,675,'Magorian'),(1173241,675,'Bane'),(234921,675,'Antonin Dolohov'),(1796483,675,'Walden Macnair'),(1796485,675,'Augustus Rookwood'),(1229241,675,'Jugson'),(1796484,675,'Travers'),(1796478,675,'Young Severus Snape'),(568390,675,'Young James Potter'),(1796479,675,'Young Sirius Black'),(1796480,675,'Young Peter Pettigrew'),(1796481,675,'Young Remus Lupin'),(1387292,675,'Frank Longbottom'),(1796489,675,'Alice Longbottom'),(1631516,675,'Edgar Bones'),(221857,675,'TV Weatherman'),(1093975,675,'Newspaper Vendor'),(209458,675,'Voice of Lift'),(3084,238,'Don Vito Corleone'),(1158,238,'Michael Corleone'),(3085,238,'Santino \'Sonny\' Corleone'),(3086,238,'Pete Clemenza'),(3087,238,'Tom Hagen'),(3088,238,'Capt. Mark McCluskey'),(3142,238,'Jack Woltz'),(3090,238,'Emilio Barzini'),(3091,238,'Virgil \'Der Türke\' Sollozzo'),(3092,238,'Kay Adams'),(3093,238,'Salvatore \"Sally\" Tessio'),(3094,238,'Connie Corleone Rizzi'),(3095,238,'Carlo Rizzi'),(3096,238,'Fredo Corleone'),(3143,238,'Carmine Cuneo'),(3144,238,'Johnny Fontane'),(933716,238,'Mama Corleone'),(106811,238,'Luca Brasi'),(99724,238,'Paulie'),(1195877,238,'Bonasera'),(20752,238,'Moe Greene'),(3414,238,'Bruno Tattaglia'),(3413,238,'Philip Tattaglia'),(3145,238,'Apollonia Vitelli-Corleone'),(119431,238,'Vitelli'),(1769,238,'Michael Francis Rizzi'),(20973,238,'Don Zaluchi'),(138211,238,'Enzo, the baker'),(55672,238,'Tony - Stablehand'),(3174,238,'Neri'),(82779,238,'Nazorine'),(982089,238,'Theresa Hagen'),(160728,238,'Sandra Corleone'),(27647,238,'Fabrizio'),(24604,238,'Don Tommasino'),(44860,238,'Calo'),(178006,238,'Extra in Furniture-Moving Scen'),(2872,238,'Piano Player in Montage (uncre'),(38803,238,'Boy on Street Who Attended Fun'),(1209294,238,'Don Victor Stracci (uncredited'),(1394703,238,'Crowd (uncredited)'),(2870,238,'Cowboy on the Set at Woltz\'s S'),(1235937,238,'Usher in Bridal Party (uncredi'),(1503036,238,'Sonny\'s Bodyguard (uncredited)'),(1233541,238,'Cop Outside Hospital (uncredit'),(1068099,238,'Sonny\'s Killer #1 (uncredited)'),(61241,238,'Wedding Guest (uncredited)'),(106187,238,'Boy at Wedding (uncredited)'),(100503,238,'Corleone Family Member (uncred'),(1503035,238,'Priest at Baptism (uncredited)'),(1290895,238,'Man in Passenger Seat (uncredi'),(1237372,238,'Drunk (uncredited)'),(1213795,238,'Rocco Lampone (uncredited)'),(11480,238,'Street Extra (uncredited)'),(1209678,238,'Extra in Wedding Scene (uncred'),(16525,238,'Willi Cicci (uncredited)'),(78336,238,'Wedding Party Guest (uncredite'),(1234848,238,'Fruit Vendor (uncredited)'),(37917,58595,'Snow White'),(6885,58595,'Queen Ravenna'),(74568,58595,'The Huntsman'),(237455,58595,'William'),(6972,58595,'Beith'),(5538,58595,'Gort'),(11109,58595,'Nion'),(13014,58595,'Coll'),(1665,58595,'Duir'),(382,58595,'Muir'),(55585,58595,'Finn'),(32300,58595,'Quert'),(63364,58595,'Gus'),(9831,58595,'Duke Hammond'),(2050,58595,'King Magnus'),(1088912,58595,'Queen Eleanor'),(1088913,58595,'Mirror Man'),(53688,58595,'Greta'),(18067,58595,'Anna'),(1279512,58595,'Lily'),(1055230,58595,'Young Snow White'),(1279513,58595,'Young William'),(142388,58595,'Young Ravenna'),(66791,58595,'Ravenna\'s mother'),(1279514,58595,'Young Finn'),(65303,58595,'Thomas'),(221985,58595,'Iain'),(60348,58595,'Broch'),(183151,58595,'Black Knight General'),(109833,58595,'Black Knight'),(115683,58595,'Guard on Duty'),(29406,58595,'Aldan'),(214794,58595,'Duke\'s Commander'),(1279515,58595,'Soldier'),(1035907,58595,'Emaciated Peasant (uncredited)'),(1488236,58595,'Percy'),(3894,155,'Bruce Wayne / Batman'),(3895,155,'Alfred Pennyworth'),(1810,155,'Joker'),(6383,155,'Harvey Dent'),(64,155,'James Gordon'),(1579,155,'Rachel Dawes'),(192,155,'Lucius Fox'),(53651,155,'Ramirez'),(57597,155,'Wuertz'),(101015,155,'Lau'),(21316,155,'Mayor'),(21315,155,'Maroni'),(2037,155,'Dr. Jonathan Crane / Scarecrow'),(13939,155,'Chechen'),(1904,155,'Engel'),(87957,155,'Stephens'),(128386,155,'Loeb'),(34544,155,'Reese'),(58692,155,'Barbara Gordon'),(18052,155,'James Gordon'),(886,155,'Bank Manager'),(1052875,155,'Rossi'),(1196130,155,'Dopey'),(1334139,155,'Happy'),(64856,155,'Gambol'),(16477,155,'Grumpy'),(1208967,155,'Chuckles'),(1056090,155,'Drug Dealer'),(1870607,155,'Drug Buyer'),(1870608,155,'Junkie'),(101014,155,'Natascha'),(24595,155,'Crime Boss'),(20372,155,'LSI VP'),(1522073,155,'Judge Surrillo'),(1870609,155,'Brian'),(1870610,155,'Man No. 1'),(1840452,155,'Man No. 2'),(1226696,155,'Assistant DA'),(1870611,155,'Thug at Party'),(853194,155,'Gentleman at Party'),(1526574,155,'Male Guest'),(1870612,155,'Female Guest'),(1424043,155,'Judge Freel'),(1220201,155,'Maroni\'s Mistress'),(147895,155,'Gambol\'s Bodyguard (as Chucky '),(1195758,155,'Gambol\'s Bodyguard (as Winston'),(83854,155,'Joker\'s Thug'),(1870613,155,'Reporter'),(1313093,155,'Heckler'),(1678566,155,'Cop Heckler'),(176227,155,'Acting Commissioner'),(1870614,155,'Officer at Intersection'),(1870615,155,'Convoy Leader'),(1870616,155,'Fat Thug'),(1128854,155,'Murphy'),(29617,155,'Cop with Fat Thug'),(1781739,155,'Medic'),(26669,155,'Cop at 250 52nd St.'),(1631707,155,'Nurse'),(143328,155,'Polk'),(1464854,155,'Berg'),(1870623,155,'Cop at Hospital'),(1870620,155,'Bartender'),(1624910,155,'Civilian'),(78047,155,'First Mate'),(47525,155,'Prison Ferry Pilot'),(1238461,155,'Guard Commander'),(1232399,155,'Businessman'),(1661772,155,'Mother'),(122345,155,'Passenger'),(1215332,155,'Passenger'),(209990,155,'Passenger'),(139946,155,'Passenger'),(1070855,155,'Passenger'),(1674439,155,'SWAT Sniper'),(1870625,155,'SWAT Leader'),(141770,155,'Prisoner on Ferry'),(8396,155,'Tattooed Prisoner'),(1394354,155,'Reporter #3'),(29616,155,'Evans'),(1870627,155,'Honor Guard Man'),(170230,155,'Uniform Cop'),(75076,155,'Bounty Hunter'),(971049,155,'Bounty Hunter'),(1870629,155,'Fox\'s Secretary'),(119414,155,'Passenger Ferry Pilot'),(1870631,155,'Guardsman'),(1655526,155,'Warden'),(95716,155,'Corrections Officer'),(1122545,155,'Prisoner'),(578699,155,'Prisoner'),(126316,155,'Prisoner'),(1132153,155,'Prisoner'),(1599260,155,'Hong Kong Detective'),(1870636,155,'Honor Guard Leader'),(1870637,155,'Gordon\'s Daughter'),(1870638,155,'Armored Car SWAT'),(1161711,155,'Waiter (uncredited)'),(580566,155,'Bank Patron (uncredited)'),(1128275,155,'Party Guest (uncredited)'),(1185594,155,'Party Guest with Glass (uncred'),(1197335,155,'Party Guest (uncredited)'),(1552999,155,'Lau Henchman (uncredited)'),(1192165,155,'Paramedic (uncredited)'),(1131169,155,'Chechen Gangster (uncredited)'),(580567,155,'Press Conference Heckler (uncr'),(228305,155,'Pedestrian (uncredited)'),(1392731,155,'Ferry Passenger (uncredited)'),(593182,155,'Police Officer (uncredited)'),(1086373,155,'Prisoner (uncredited)'),(1207205,155,'Immigrant Ferry Passenger (unc'),(18070,155,'Shotgun SWAT (uncredited)'),(580560,155,'Parade Police Officer (uncredi'),(505400,155,'Maroni\'s Henchman (uncredited)'),(1058964,155,'Assistant D.A. (uncredited)'),(1261397,155,'Police Sgt. Spellman / Gotham '),(1551776,155,'Helicopter SWAT Sniper (uncred'),(1111803,155,'Ferry Passenger (uncredited)'),(1360008,155,'Officer (uncredited)'),(1426334,155,'Joker\'s Thug #2 (uncredited)'),(30450,155,'Prisoner (uncredited)'),(1209046,155,'Party Guest (uncredited)'),(1058963,155,'Angry Hospital Relative (uncre'),(98994,155,'Evacuee (uncredited)'),(1108073,155,'High-Ranking Police Official ('),(1185600,155,'Extra (uncredited)'),(1209051,155,'Dept. of Corrections Resident '),(99223,155,'Detective (uncredited)'),(79810,155,'Police Officer (uncredited)'),(204276,155,'Chechen\'s Bodyguard (uncredite'),(1209055,155,'Detective (uncredited)'),(1512023,155,'Party Guest (uncredited)'),(127005,155,'Major Crime Unit Detective (un'),(1380656,155,'Party Staff (uncredited)'),(1892,286217,'Mark Watney'),(83002,286217,'Melissa Lewis'),(41091,286217,'Annie Montrose'),(8447,286217,'Teddy Sanders'),(454,286217,'Rick Martinez'),(48,286217,'Mitch Henderson'),(51072,286217,'Beth Johanssen'),(60898,286217,'Chris Beck'),(76547,286217,'Alex Vogel'),(5294,286217,'Venkat Kapoor'),(30082,286217,'Bruce Ng'),(1110405,286217,'Mindy Park'),(119589,286217,'Rich Purnell'),(1509615,286217,'Tim Grimes'),(1076049,286217,'Zhu Tao'),(612216,286217,'Guo Ming'),(91494,286217,'Mike Watkins'),(28477,286217,'Brendan Hatch'),(1414711,286217,'Jack'),(240724,286217,'Ryoko'),(1554488,286217,'U.S. President'),(1554489,286217,'Chinese Flight Director'),(1554490,286217,'Wen Jiang'),(25730,286217,'Timer Controller'),(82363,286217,'Launch Control'),(1297390,286217,'Guidance'),(1509614,286217,'Reporter 2'),(1378657,286217,'Blair'),(1509613,286217,'Reporter 1'),(1394333,286217,'Police Woman'),(1509617,286217,'Nasa Staff Member'),(1509616,286217,'Pathfinder developer'),(55585,286217,'NASA psychologist'),(25445,286217,'Satcon'),(1720669,286217,'Launcher Interface'),(1102409,286217,'Capcom'),(146123,286217,'Telemetry'),(1508585,286217,'Comms'),(1676636,286217,'NASA Break Room Worker'),(1691280,286217,'Vincent\'s Secretary'),(1720670,286217,'CNN Reporter'),(1720671,286217,'Robert Lewis'),(1390710,286217,'Vogel\'s Wife'),(1439028,286217,'Marissa Martinez'),(110508,286217,'Chinese Translator'),(25440,286217,'JPL Store Man'),(1700678,286217,'JPL White Room Worker'),(1418518,286217,'JPL Pathfinder Team'),(1365662,286217,'JPL Pathfinder Team'),(1720680,286217,'JPL Pathfinder Team'),(1720681,286217,'JPL Pathfinder Team'),(1100,87101,'The Terminator'),(76512,87101,'John Connor'),(1223786,87101,'Sarah Connor'),(224181,87101,'Kyle Reese'),(18999,87101,'Detective O\'Brien'),(1030512,87101,'Danny Dyson'),(136532,87101,'Alex'),(24047,87101,'Miles Dyson'),(25002,87101,'T-1000'),(55596,87101,'Lieutenant Matias'),(65345,87101,'Detective Cheung'),(1023458,87101,'Young O\'Brien'),(37937,87101,'Detective Harding'),(59739,87101,'Detective Timmons'),(1451160,87101,'Agent Janssen'),(76021,87101,'Agent Burke'),(1394617,87101,'Refugee / Terminator'),(1181558,87101,'Skynet - 18 yrs old'),(37825,87101,'Perry'),(565501,87101,'Mariam'),(1049830,87101,'Lt. Whitley'),(304845,87101,'Kyle\'s Dad'),(100567,87101,'Kyle\'s Mom'),(1576250,87101,'Young Sarah'),(177403,87101,'Security Guard #1'),(1576251,87101,'Security Guard #2'),(60077,87101,'Eric Thompson'),(1411679,87101,'Lead Cop'),(203390,87101,'Uniform Cop'),(1358087,87101,'Guardian - Young / Terminator '),(60881,87101,'Garber'),(1810485,87101,'Garbage Man'),(74568,284053,'Thor Odinson'),(91606,284053,'Loki'),(112,284053,'Hela'),(17605,284053,'Heimdall'),(4785,284053,'Grandmaster'),(62561,284053,'Valkyrie'),(1372,284053,'Skurge'),(103,284053,'Bruce Banner / Hulk'),(4173,284053,'Odin'),(13275,284053,'Hogun'),(56614,284053,'Volstagg'),(69899,284053,'Fandral'),(71580,284053,'Stephen Strange / Doctor Stran'),(15298,284053,'Topaz'),(55934,284053,'Korg / Surtur (mo-cap)'),(6574,284053,'Surtur (voice)'),(7624,284053,'Barber'),(4783,284053,'Actor Odin'),(216986,284053,'Actor Thor'),(1892,284053,'Actor Loki'),(1909074,284053,'Asgardian Date #1'),(1909075,284053,'Asgardian Date #2'),(1434826,284053,'Actor Sif'),(1909076,284053,'Odin\'s Assistant'),(1687354,284053,'College Girl #1'),(1909077,284053,'College Girl #2'),(939388,284053,'Lead Scrapper'),(1535059,284053,'Golden Lady #1'),(1909079,284053,'Golden Lady #2'),(1310264,284053,'Cousin Carlo'),(1570328,284053,'Beerbot 5000'),(187016,284053,'Warden'),(1909080,284053,'Asgardian Daughter'),(1058106,284053,'Asgardian Mother'),(1909081,284053,'Asgardian Uncle'),(1909082,284053,'Asgardian Son'),(1527566,284053,'Valkyrie Sister #1'),(1909083,284053,'Valkyrie Sister #2'),(1674205,284053,'Asgardian Woman'),(110909,284053,'Asgardian Man'),(1768699,284053,'Asgardian'),(1690239,284053,'Asgardian'),(1328711,284053,'Asgardian'),(1394464,284053,'Asgardian'),(1814638,284053,'Asgardian'),(230621,284053,'Asgardian Servant'),(1814641,284053,'Asgardian Citizen (uncredited)'),(1813771,284053,'GM Pilot'),(1795311,284053,'Grandmaster VIP'),(70890,284053,'New York businessman'),(1813770,284053,'Twin Sakaaran citizen'),(1571654,284053,'Twin Sakaaran citizen'),(1245,284053,'Natasha Romanoff / Black Widow'),(53975,432527,'Rani Padmini'),(224223,432527,'Alauddin Khilji'),(78245,432527,'Rawal Ratan Singh'),(88797,432527,'Kamala Devi'),(1744502,432527,'Malik Naib Kafur'),(1333,281338,'Caesar'),(57755,281338,'The Colonel'),(18324,281338,'Bad Ape'),(58395,281338,'Maurice'),(236696,281338,'Rocket'),(42711,281338,'Red Donkey'),(63566,281338,'Luca'),(20286,281338,'Koba'),(20750,281338,'Cornelia'),(221840,281338,'Lake'),(83186,281338,'Blue Eyes'),(1164341,281338,'Cornelius'),(107810,281338,'Winter'),(1493969,281338,'Nova'),(35231,281338,'Preacher'),(59312,281338,'Spear'),(74678,281338,'Boyle'),(53720,281338,'Elder'),(25877,281338,'Captain'),(169778,281338,'Lang'),(90633,297762,'Wonder Woman / Diana Prince'),(62064,297762,'Steve Trevor'),(32,297762,'General Antiope'),(6413,297762,'General Erich Ludendorff'),(11207,297762,'Sir Patrick Morgan'),(935,297762,'Queen Hippolyta'),(3623,297762,'Dr. Isabel Maru'),(1829985,297762,'Young Diana (8)'),(1590758,297762,'Young Diana (12)'),(11111,297762,'Etta Candy'),(5419,297762,'Sameer'),(1125,297762,'Charlie'),(1823591,297762,'Chief'),(1310711,297762,'Menalippe'),(139900,297762,'Senator Acantha'),(1767342,297762,'Egeria'),(1831280,297762,'Aella'),(1767343,297762,'Artemis'),(1009999,297762,'Venelia'),(1272968,297762,'Euboea'),(1360156,297762,'Phillipus'),(62976,297762,'Epione'),(174708,297762,'Mnemosyne'),(1831281,297762,'Penthiselea'),(1831282,297762,'Trigona'),(1813935,297762,'Niobe'),(2467,297762,'FIeld Marshall Haig'),(1831379,297762,'Kaiser Wilhelm II'),(1256710,297762,'Marie'),(143892,297762,'Colonel Darnell'),(1232889,297762,'Fausta Grables'),(65054,297762,'Von Hindenberg'),(1831283,297762,'Nina'),(1857866,297762,'Amazon Army'),(1890510,297762,'Amazon Army'),(1431128,297762,'Amazon Army'),(1690518,297762,'Amazon Townsfolk'),(1890409,297762,'Amazon Townsfolk'),(1813934,297762,'Amazon Townsfolk'),(1830144,297762,'Amazonian Warrior'),(1890511,297762,'Trench Sentry'),(1890513,297762,'Trench Sentry'),(1861352,297762,'Trench Sentry'),(157826,297762,'Trench Officer - Belgian'),(1824289,297762,'Trench Officer - British'),(1643761,297762,'Young Wife (Station)'),(1824290,297762,'Turkish Slave'),(1824295,297762,'Queens Guard'),(1890450,297762,'Queen\'s Guard'),(1562095,297762,'Guard at Invite Table'),(1820151,297762,'German Soldier in Boat'),(659,297762,'German Commander'),(1040480,297762,'Suited Man'),(1890458,297762,'Soldier'),(1824301,297762,'Soldier'),(75256,297762,'German Soldier'),(1052209,297762,'Weary Captain (Shot)'),(1890493,297762,'Mother'),(1171527,297762,'German Lieutenant'),(1457240,297762,'Throne Room Amazon'),(1726321,297762,'Throne Room Amazon'),(1743363,297762,'Turkish Worker (uncredited)'),(1702788,297762,'Amazon Warrior (uncredited)'),(1743575,297762,'Chateau Dancer (uncredited)'),(1824293,297762,'Jazz Musician (uncredited)'),(1502439,297762,'Indian Regiment Soldier (uncre'),(555133,297762,'German Officer (uncredited)'),(1592480,297762,'Turkish Soldier (uncredited)'),(1624443,297762,'Factory Worker (uncredited)'),(1527565,297762,'Orana (uncredited)'),(1651414,297762,'German Pilot (uncredited)'),(1743593,297762,'Turkish Soldier (uncredited)'),(1651385,297762,'Returning Amputee Soldier (unc'),(1651394,297762,'German Soldier (uncredited)'),(1824297,297762,'German Soldier (uncredited)'),(1824294,297762,'German Soldier (uncredited)'),(1502441,297762,'Upper Class Customer (uncredit'),(1284323,297762,'Cafe Owner (uncredited)'),(1820018,297762,'British soldier (uncredited)'),(1824291,297762,'WWI Soldier (uncredited)'),(1813664,297762,'Village Pharmacist (uncredited'),(1824300,297762,'Hollywood Walker (uncredited)'),(1809569,297762,'British Soldier (uncredited)'),(1699114,297762,'Belgium Peasant (uncredited)'),(1809570,297762,'Clerk (uncredited)'),(1735654,297762,'Turkish Worker (uncredited)'),(1702759,297762,'Pub Man (uncredited)'),(1809572,297762,'German Soldier (uncredited)'),(1461309,297762,'Soldier (uncredited)'),(1785923,297762,'Turkish Worker (uncredited)'),(1635870,297762,'Wounded British Soldier (uncre'),(1451618,297762,'Turkish soldier (uncredited)'),(1824303,297762,'Worker (uncredited)'),(147641,297762,'British Soldier (uncredited)'),(15217,297762,'U.S. Soldier (uncredited)'),(1824299,297762,'Turkish Worker (uncredited)'),(29333,297762,'Pub Bruiser (uncredited)'),(1824296,297762,'German Navy General (uncredite'),(1824302,297762,'War Office Politician (uncredi'),(1635843,297762,'Returning Wounded Soldier (unc'),(1756412,297762,'British Soldier (uncredited)'),(1743005,297762,'Belgian Butcher (uncredited)'),(1824304,297762,'Passerby (uncredited)'),(1651386,297762,'German Airplane Mechanic (uncr'),(590410,297762,'Scottish Regiment Soldier (unc'),(40462,109445,'Anna (voice)'),(19394,109445,'Elsa (voice)'),(221611,109445,'Kristoff (voice)'),(54415,109445,'Olaf (voice)'),(1188241,109445,'Hans (voice)'),(21088,109445,'Duke (voice)'),(8785,109445,'Pabbie / Grandpa (voice)'),(70238,109445,'Oaken (voice)'),(16842,109445,'Kai (voice)'),(1297610,109445,'Bulda (voice)'),(3202,109445,'Gerda (voice)'),(74573,109445,'Bishop (voice)'),(34521,109445,'King (voice)'),(1207489,109445,'Young Anna (voice)'),(1207488,109445,'Young Elsa (voice)'),(1340660,109445,'Teen Elsa (voice)'),(1340664,109445,'Additional Voices (voice)'),(1340665,109445,'Additional Voices (voice)'),(1340667,109445,'Additional Voices (voice)'),(87176,109445,'Additional Voices (voice)'),(1340669,109445,'Additional Voices (voice)'),(1340671,109445,'Additional Voices (voice)'),(1340673,109445,'Additional Voices (voice)'),(1340674,109445,'Additional Voices (voice)'),(186605,109445,'Additional Voices (voice)'),(146186,109445,'Additional Voices (voice)'),(59051,109445,'Additional Voices (voice)'),(950773,109445,'Additional Voices (voice)'),(36821,109445,'Additional Voices (voice)'),(173428,109445,'Additional Voices (voice)'),(39214,109445,'Additional Voices (voice)'),(1340676,109445,'Additional Voices (voice)'),(1340677,109445,'Additional Voices (voice)'),(1120694,109445,'Additional Voices (voice)'),(1207490,109445,'Additional Voices (voice)'),(1340678,109445,'Additional Voices (voice)'),(108253,109445,'Additional Voices (voice)'),(111466,109445,'Additional Voices (voice)'),(1077828,109445,'Additional Voices (voice)'),(113916,109445,'Additional Voices (voice)'),(1340680,109445,'Additional Voices (voice)'),(174563,109445,'Additional Voices (voice)'),(76461,109445,'Additional Voices (voice)'),(1340682,109445,'Additional Voices (voice)'),(1223658,109445,'Additional Voices (voice)'),(59060,109445,'Additional Voices (voice)'),(1296646,109445,'Additional Voices (voice)'),(1340684,109445,'Additional Voices (voice)'),(1340685,109445,'Additional Voices (voice)'),(1009221,109445,'Additional Voices (voice)'),(131365,109445,'Additional Voices (voice)'),(60279,109445,'Additional Voices (voice)'),(120831,109445,'Additional Voices (voice)'),(113818,109445,'Additional Voices (voice)'),(1248379,109445,'Young Kristoff / Additional Vo'),(1196879,109445,'Additional Voices (voice)'),(1274508,346364,'Bill Denbrough'),(137905,346364,'Pennywise'),(1559689,346364,'Ben Hanscom'),(1481238,346364,'Beverly Marsh'),(1442069,346364,'Richie Tozier'),(1774679,346364,'Eddie Kaspbrak'),(1148455,346364,'Stan Uris'),(1643043,346364,'Mike Hanlon'),(1504947,346364,'Henry Bowers'),(1649803,346364,'Georgie Denbrough'),(1586047,346364,'Patrick Hockstetter'),(1730333,346364,'Victor Criss'),(1131069,346364,'Belch Huggins'),(111090,346364,'The Leper'),(1774686,346364,'Judith'),(51579,346364,'Leroy Hanlon'),(32031,346364,'Al Marsh'),(108892,346364,'Zack Denbrough'),(1774681,346364,'Sharon Denbrough'),(107185,346364,'Rabbi Uris'),(116487,346364,'Officer Oscar \'Butch\' Bowers'),(223126,346364,'Gretta Keene'),(1484899,346364,'Sonia Kasprak'),(108895,346364,'Mrs. Starrett'),(50776,346364,'Mr. Keene'),(43929,346364,'Joe'),(1893335,346364,'Betty Ripsom'),(5941,346364,'Chief Borton'),(1844293,346364,'Mrs. Ripsom'),(1236538,346364,'El Aparato'),(1774680,346364,'Pharmacy Cashier'),(1590230,346364,'Hostess'),(1774685,346364,'Headless Boy'),(1774688,346364,'Student'),(1774689,346364,'Student'),(1844295,346364,'Girl on Street'),(1844296,346364,'Abigail'),(82809,250546,'Mia Form'),(94436,250546,'John Form'),(34842,250546,'Father Perez'),(1981,250546,'Evelyn'),(188311,250546,'Detective Clarkin'),(100567,250546,'Sharon Higgins'),(1990,250546,'Pete Higgins'),(117598,250546,'Dr. Burgher'),(1352028,250546,'Robert'),(1358561,250546,'Nancy'),(1186841,250546,'Debbie'),(101069,250546,'Mary'),(1266847,250546,'Candy Striper'),(1358563,250546,'Thin Woman; Annabelle'),(1358564,250546,'Thin Man'),(1358565,250546,'Clerk'),(1358566,250546,'Young Annabelle Higgins'),(1358567,250546,'Parishoner'),(206791,250546,'Fuller'),(1468165,250546,'Neighbor'),(1468178,250546,'Nurse'),(1228874,250546,'Mother'),(73417,250546,'Demonic Figure (uncredited)'),(65731,19995,'Jake Sully'),(8691,19995,'Princess Neytiri'),(10205,19995,'Dr. Grace Augustine'),(32747,19995,'Col. Quaritch'),(17647,19995,'Trudy Chacon'),(1771,19995,'Selfridge'),(59231,19995,'Norm Spellman'),(30485,19995,'Moat'),(15853,19995,'Eytukan'),(10964,19995,'Tsu\'Tey'),(95697,19995,'Dr. Max Patel'),(98215,19995,'Lyle Wainfleet'),(154153,19995,'Private Fike'),(397312,19995,'Cryo Vault Med Tech'),(42317,19995,'Venture Star Crew Chief'),(986734,19995,'Lock Up Trooper'),(1207227,19995,'Shuttle Pilot'),(1180936,19995,'Shuttle Co-Pilot'),(1019578,19995,'Shuttle Crew Chief'),(91443,19995,'Tractor Operator / Troupe'),(173391,19995,'Dragon Gunship Pilot'),(1207236,19995,'Dragon Gunship Gunner'),(215913,19995,'Dragon Gunship Navigator'),(143206,19995,'Suit #1'),(169676,19995,'Suit #2'),(1048610,19995,'Ambient Room Tech'),(42288,19995,'Ambient Room Tech / Troupe'),(68278,19995,'Horse Clan Leader'),(1207247,19995,'Link Room Tech'),(1207248,19995,'Basketball Avatar / Troupe'),(89714,19995,'Basketball Avatar'),(1207249,19995,'Na\'vi Child'),(1207250,19995,'Troupe'),(83105,19995,'Troupe'),(1207253,19995,'Troupe'),(1207251,19995,'Troupe'),(1207252,19995,'Troupe'),(1207254,19995,'Troupe'),(1207257,19995,'Troupe'),(1207259,19995,'Troupe'),(1207262,19995,'Troupe'),(1158600,19995,'Troupe'),(983705,19995,'Troupe'),(1207263,19995,'Troupe'),(1145098,19995,'Op Center Staff'),(33305,19995,'Op Center Staff'),(1207264,19995,'Op Center Staff'),(33311,19995,'Op Center Staff'),(1207265,19995,'Op Center Staff'),(1207266,19995,'Op Center Duty Officer'),(54492,19995,'Op Center Staff'),(1207267,19995,'Dancer'),(1207268,19995,'Dancer'),(1207269,19995,'Dancer'),(1207270,19995,'Dancer'),(1207271,19995,'Dancer'),(1207272,19995,'Dancer'),(1207273,19995,'Dancer'),(1207274,19995,'Dancer'),(1207275,19995,'Dancer'),(1207276,19995,'Mining Chief (uncredited)'),(107969,19995,'Veteran Miner (uncredited)'),(1207278,19995,'Richard (uncredited)'),(147898,19995,'Nav\'i (uncredited)'),(1207280,19995,'Trooper (uncredited)'),(1207281,19995,'Trooper (uncredited)'),(1207282,19995,'Ground Technician (uncredited)'),(1207283,19995,'Flight Crew Mechanic (uncredit'),(98216,19995,'Samson Pilot'),(1201399,19995,'Trooper (uncredited)'),(236696,19995,'Banshee (uncredited)'),(1207287,19995,'Soldier (uncredited)'),(1207288,19995,'Blast Technician (uncredited)'),(1207289,19995,'Vindum Raah (uncredited)'),(584868,19995,'Hero (uncredited)'),(1207290,19995,'Ops Centreworker (uncredited)'),(1062463,19995,'Engineer (uncredited)'),(60656,19995,'Col. Quaritch\'s Mech Suit (unc'),(1207291,19995,'Female Marine (uncredited)'),(1186027,19995,'Ikran Clan Leader (uncredited)'),(1207292,19995,'Geologist (uncredited)'),(103259,19995,'Na\'vi (uncredited)'),(42286,19995,'Ambient Room Tech / Troupe'),(17178,49018,'Josh Lambert'),(9827,49018,'Renai Lambert'),(17181,49018,'Dalton Lambert'),(10767,49018,'Lorraine Lambert'),(7401,49018,'Elise Rainier'),(2128,49018,'Specs'),(59117,49018,'Tucker'),(208524,49018,'Foster Lambert'),(188081,49018,'Nurse Adele / Doll Girl #2'),(1055672,49018,'Nurse Kelly'),(1186714,49018,'Dr. Sercarz'),(1851029,49018,'Father Martin'),(1067761,49018,'Young Josh Lambert'),(73417,49018,'Lipstick-Face Demon'),(1599752,49018,'Old Woman'),(139631,49018,'Long Haired Fiend'),(223680,49018,'Doll Girl #1'),(87167,49018,'Dr. Thimble'),(1293174,49018,'Dancing Boy'),(2888,297761,'Floyd Lawton / Deadshot'),(234352,297761,'Harleen Quinzel / Harley Quinn'),(92404,297761,'Rick Flag'),(19492,297761,'Amanda Waller'),(7499,297761,'The Joker'),(224181,297761,'George \'Digger\' Harkness / Boo'),(19487,297761,'Chato Santana / El Diablo'),(31164,297761,'Waylon Jones / Killer Croc'),(1289968,297761,'June Moone / Enchantress'),(1461608,297761,'Tatsu Yamashiro / Katana'),(33527,297761,'Christopher Weiss / Slipknot'),(198150,297761,'Keith Griggs'),(928572,297761,'Lieutenant GQ Edwards'),(4238,297761,'Monster T'),(35029,297761,'Dexter Tolliver'),(83968,297761,'Jonny Frost'),(84217,297761,'Gomez - Seal Team A'),(932158,297761,'Grace Santana'),(130081,297761,'Angelo'),(1456151,297761,'Zoe Lawton'),(1727020,297761,'Dr. Van Criss'),(90725,297761,'Gerard Davis / Incubus'),(190900,297761,'Admiral Olsen'),(62679,297761,'Admiral Burns'),(1138844,297761,'Sergeant Ames Bravo 14'),(880,297761,'Bruce Wayne / Batman (uncredit'),(132157,297761,'Barry Alan / The Flash (Uncred'),(1488192,297761,'Missing Hand Guard'),(965219,297761,'T-Shirt Vendor'),(1072798,297761,'U.S. Marshal'),(51041,297761,'Mafia Snitch'),(1212929,297761,'Panda Man'),(1727014,297761,'Psych Patient'),(237,297761,'Chairman'),(1727015,297761,'Navy One-Star Admiral'),(1727016,297761,'Air Force Two-Star General'),(136959,297761,'Army One-Star General'),(1727017,297761,'National Security Council'),(1396920,297761,'National Security Council'),(1480961,297761,'National Security Council'),(1232769,297761,'National Security Council'),(1520526,297761,'National Security Council'),(1727018,297761,'Hot Girl Patron'),(1260782,297761,'Casino Boss'),(1486835,297761,'Cop At Rail Terminal'),(1482610,297761,'Doctor At Rail Terminal'),(168771,297761,'Gate Guard'),(1727022,297761,'Dr. Van Criss\' Wife'),(1345133,297761,'Kowalski - Seal Team A'),(1727023,297761,'Grey - Seal Team Member'),(1727024,297761,'Seal Team A #1 Member'),(41561,297761,'Yakuza Boss'),(107411,297761,'Technician'),(1727025,297761,'Technician 2'),(1727027,297761,'Diablo\'s Daughter'),(1727028,297761,'Diablo\'s Son'),(1545155,297761,'Supermodel (uncredited)'),(1545157,297761,'Navy SEAL (uncredited)'),(1545156,297761,'Hispanic Woman (uncredited)'),(1698765,297761,'U.S. Marshal'),(1754320,297761,'Bystander'),(1754321,297761,'Dancer'),(1754322,297761,'Bystander'),(1754331,297761,'Air Force General Williams'),(1754333,297761,'Injured Civilian'),(1754334,297761,'Wounded Civilian'),(1754335,297761,'US Ranger'),(1567040,297761,'Ranger'),(1754336,297761,'Marine'),(1754337,297761,'Van Criss Employee'),(1754338,297761,'MP Soldier'),(1754339,297761,'Club Goer'),(1355150,297761,'Distressed Civilian'),(1306573,297761,'Car Passenger'),(1754340,297761,'US Marshal'),(1574936,297761,'Firefighter'),(1754342,297761,'Tatiana - Russian Girl'),(1379639,297761,'Navy SEAL Combat Medic - Bravo'),(1716602,297761,'US Marshal'),(1656699,297761,'Operations Tech'),(1736435,297761,'Secret Service Agent'),(1754346,297761,'Secret Service Agent'),(1543542,297761,'Navy SEAL Howard'),(493769,297761,'SWAT Officer'),(559644,297761,'LAPD Sergeant'),(1754347,297761,'Fighter Pilot'),(1754348,297761,'Bystander'),(87577,297761,'FEMA Official'),(1754349,297761,'US Marshal / Military Escort'),(1337623,297761,'Hispanic Man'),(1513916,297761,'Prisoner'),(1754350,297761,'Bystander'),(1754351,297761,'Lieutenant Colonel Doctor'),(1366350,297761,'Arkham Guard Stewart'),(1754352,297761,'EA Dancer'),(1754353,297761,'Marine'),(1754354,297761,'Hispanic Man'),(1553096,297761,'Agent Bartoni'),(1284410,297761,'Naughty Waitress'),(1600910,297761,'Admiral\'s Staff'),(1543547,297761,'Blackwater'),(1540119,297761,'Gotham Police'),(166518,297761,'Anvil'),(1754358,297761,'Executive Assistant'),(1622765,297761,'EA Dancer'),(1754361,297761,'Firefighter'),(1240327,297761,'Cop Photographer'),(1754364,297761,'Military Guard'),(1754365,297761,'US Ranger'),(62711,297761,'Big Ugly Navy SEAL'),(1747278,297761,'S.W.A.T. Officer'),(1376110,297761,'American Hostage'),(1754366,297761,'Military Officer'),(1754368,297761,'Special Forces Escort'),(1754370,297761,'Arresting Officer'),(1754371,297761,'Graham - SEAL Team A'),(1651271,297761,'Club Patron / Naughty Waitress'),(1369078,297761,'Janes - Navy SEAL'),(1632662,297761,'Navy SEAL Clark'),(1619926,297761,'Club Patron'),(1754375,297761,'EA Dancer'),(1563912,297761,'Firefighter'),(1754377,297761,'Helicopter Pilot'),(1744067,297761,'Club Patron'),(1379566,297761,'Bystander'),(1754379,297761,'US Army Ranger'),(1754380,297761,'Club Patron'),(1754383,297761,'FBI Agent Max Bidwell');
/*!40000 ALTER TABLE `movie_cast` ENABLE KEYS */;
UNLOCK TABLES;

--
-- Table structure for table `movie_direction`
--

DROP TABLE IF EXISTS `movie_direction`;
/*!40101 SET @saved_cs_client     = @@character_set_client */;
/*!40101 SET character_set_client = utf8 */;
CREATE TABLE `movie_direction` (
  `dir_id` int(11) DEFAULT NULL,
  `mov_id` int(11) DEFAULT NULL,
  KEY `dir_id` (`dir_id`),
  KEY `mov_id` (`mov_id`),
  CONSTRAINT `movie_direction_ibfk_1` FOREIGN KEY (`dir_id`) REFERENCES `director` (`dir_id`) ON DELETE CASCADE,
  CONSTRAINT `movie_direction_ibfk_2` FOREIGN KEY (`mov_id`) REFERENCES `movie` (`mov_id`) ON DELETE CASCADE
) ENGINE=InnoDB DEFAULT CHARSET=utf8;
/*!40101 SET character_set_client = @saved_cs_client */;

--
-- Dumping data for table `movie_direction`
--

LOCK TABLES `movie_direction` WRITE;
/*!40000 ALTER TABLE `movie_direction` DISABLE KEYS */;
/*!40000 ALTER TABLE `movie_direction` ENABLE KEYS */;
UNLOCK TABLES;

--
-- Table structure for table `movie_genres`
--

DROP TABLE IF EXISTS `movie_genres`;
/*!40101 SET @saved_cs_client     = @@character_set_client */;
/*!40101 SET character_set_client = utf8 */;
CREATE TABLE `movie_genres` (
  `mov_id` int(11) DEFAULT NULL,
  `gen_id` int(11) DEFAULT NULL,
  KEY `mov_id` (`mov_id`),
  KEY `gen_id` (`gen_id`),
  CONSTRAINT `movie_genres_ibfk_1` FOREIGN KEY (`mov_id`) REFERENCES `movie` (`mov_id`) ON DELETE CASCADE,
  CONSTRAINT `movie_genres_ibfk_2` FOREIGN KEY (`gen_id`) REFERENCES `genres` (`gen_id`) ON DELETE CASCADE
) ENGINE=InnoDB DEFAULT CHARSET=utf8;
/*!40101 SET character_set_client = @saved_cs_client */;

--
-- Dumping data for table `movie_genres`
--

LOCK TABLES `movie_genres` WRITE;
/*!40000 ALTER TABLE `movie_genres` DISABLE KEYS */;
INSERT INTO `movie_genres` VALUES (87101,878),(87101,28),(87101,53),(87101,12),(10681,16),(10681,10751),(278,18),(278,80),(109445,16),(109445,12),(109445,10751),(284053,28),(284053,12),(284053,35),(284053,14),(284053,878),(346364,18),(346364,14),(346364,27),(346364,53),(155,18),(155,28),(155,80),(155,53),(12,16),(12,10751),(141052,28),(141052,12),(141052,14),(141052,878),(281338,18),(281338,878),(281338,10752),(675,12),(675,14),(675,10751),(675,9648),(19995,28),(19995,12),(19995,14),(19995,878),(44214,18),(44214,53),(297761,28),(297761,12),(297761,80),(297761,14),(297761,878),(329,12),(329,878),(286217,18),(286217,12),(286217,878),(432527,18),(238,18),(238,80),(250546,27),(49018,27),(49018,53),(297762,28),(297762,12),(297762,14),(58595,12),(58595,14),(58595,18);
/*!40000 ALTER TABLE `movie_genres` ENABLE KEYS */;
UNLOCK TABLES;

--
-- Table structure for table `movie_log`
--

DROP TABLE IF EXISTS `movie_log`;
/*!40101 SET @saved_cs_client     = @@character_set_client */;
/*!40101 SET character_set_client = utf8 */;
CREATE TABLE `movie_log` (
  `mov_id` int(11) DEFAULT NULL,
  `mov_title` varchar(50) DEFAULT NULL,
  `mov_time` int(11) DEFAULT NULL,
  `mov_lang` varchar(50) DEFAULT NULL,
  `mov_dt_rel` date DEFAULT NULL,
  `mov_rel_country` varchar(5) DEFAULT NULL,
  `mov_plot` varchar(250) DEFAULT NULL,
  `lastinserted` time DEFAULT NULL
) ENGINE=InnoDB DEFAULT CHARSET=latin1;
/*!40101 SET character_set_client = @saved_cs_client */;

--
-- Dumping data for table `movie_log`
--

LOCK TABLES `movie_log` WRITE;
/*!40000 ALTER TABLE `movie_log` DISABLE KEYS */;
INSERT INTO `movie_log` VALUES (440021,'Happy Death Day',120,'en','2017-10-12',NULL,'A college student relives the day of her murder over and over again as she tries to discover her killer\'s identity.','01:32:52'),(459725,'Velipadinte Pusthakam',120,'ml','2017-08-31',NULL,'Professor Mathew Idikkula who reformed the atmosphere of a college by developing a healthy relationship between teachers and students. The film reflects the goodness of the youth and the impact the students can have.','03:06:47'),(15860,'Dragon Tiger Gate',120,'cn','2006-07-27',NULL,'Dragon Tiger Gate is a 2006 Hong Kong martial arts-action film directed by Wilson Yip and featuring fight choreography by Donnie Yen, who also stars in the film. The film is based on the popular Hong Kong manhua, Oriental Heroes, which bears the same','03:10:40'),(409255,'Premam',120,'te','2016-09-09',NULL,'Vikram falls in love with three women at different stages of his life which changes him as a person until he finally meets the love of his life.','11:38:22');
/*!40000 ALTER TABLE `movie_log` ENABLE KEYS */;
UNLOCK TABLES;

--
-- Table structure for table `rating`
--

DROP TABLE IF EXISTS `rating`;
/*!40101 SET @saved_cs_client     = @@character_set_client */;
/*!40101 SET character_set_client = utf8 */;
CREATE TABLE `rating` (
  `mov_id` int(11) DEFAULT NULL,
  `rev_stars` int(11) DEFAULT NULL,
  KEY `mov_id` (`mov_id`),
  CONSTRAINT `rating_ibfk_1` FOREIGN KEY (`mov_id`) REFERENCES `movie` (`mov_id`) ON DELETE CASCADE
) ENGINE=InnoDB DEFAULT CHARSET=utf8;
/*!40101 SET character_set_client = @saved_cs_client */;

--
-- Dumping data for table `rating`
--

LOCK TABLES `rating` WRITE;
/*!40000 ALTER TABLE `rating` DISABLE KEYS */;
INSERT INTO `rating` VALUES (87101,6),(10681,8),(278,9),(109445,7),(284053,8),(346364,7),(155,8),(12,8),(141052,7),(281338,7),(675,7),(19995,7),(44214,7),(297761,6),(329,8),(286217,8),(432527,0),(238,9),(250546,6),(49018,7),(297762,7),(58595,6);
/*!40000 ALTER TABLE `rating` ENABLE KEYS */;
UNLOCK TABLES;
/*!40103 SET TIME_ZONE=@OLD_TIME_ZONE */;

/*!40101 SET SQL_MODE=@OLD_SQL_MODE */;
/*!40014 SET FOREIGN_KEY_CHECKS=@OLD_FOREIGN_KEY_CHECKS */;
/*!40014 SET UNIQUE_CHECKS=@OLD_UNIQUE_CHECKS */;
/*!40101 SET CHARACTER_SET_CLIENT=@OLD_CHARACTER_SET_CLIENT */;
/*!40101 SET CHARACTER_SET_RESULTS=@OLD_CHARACTER_SET_RESULTS */;
/*!40101 SET COLLATION_CONNECTION=@OLD_COLLATION_CONNECTION */;
/*!40111 SET SQL_NOTES=@OLD_SQL_NOTES */;

-- Dump completed on 2017-11-26  3:35:44
